{"type":"FeatureCollection","researchProvenance":{"source":"https://media.githubusercontent.com/media/wmgeolab/geoBoundaries/9469f09/releaseData/gbOpen/CHN/ADM3/geoBoundaries-CHN-ADM3.geojson","sourceSha256":"3cc71d6cd23e7dbb5646422b40dd92a7a74d8779f340eb9377158c961dec310e","sourceBytes":88780624,"sourceFeatureCount":2864,"selection":"feature bbox midpoint inside [119.7,29.8,120.5,30.5]; not an administrative city selection","dataYear":2017,"license":"ODbL-1.0","licenseUrl":"https://opendatacommons.org/licenses/odbl/1-0/","attribution":"© OpenStreetMap contributors; Lee Beryman; geoBoundaries","purpose":"research-only; not current complete China boundaries"},"features":[{"type":"Feature","properties":{"shapeName":"Xiaoshan District","shapeISO":"","shapeID":"62558664B92570179195559","shapeGroup":"CHN","shapeType":"ADM3"},"geometry":{"type":"Polygon","coordinates":[[[120.40928189974,30.32077590028763],[120.39633739995111,30.2919043998682],[120.39622740027437,30.291682799721457],[120.39512880015411,30.289469499817642],[120.39179980042047,30.28276240006477],[120.38685239961865,30.27600899961567],[120.38198959984027,30.269623599949227],[120.37807269979533,30.265599399992368],[120.37439930018763,30.262669200123526],[120.3712481000199,30.260514099845864],[120.36731839992433,30.257826400368117],[120.36253470001645,30.255564100003255],[120.36049570041632,30.25489440005657],[120.3583073998667,30.25435119964817],[120.35700979956266,30.254215400220573],[120.35540380014527,30.25404729984308],[120.35323930015363,30.254127999607533],[120.34948839967001,30.254461499698493],[120.34604420037965,30.254952499858007],[120.34206509962473,30.25626619982529],[120.33702779989312,30.259752499977935],[120.32705939957168,30.26766499974002],[120.32132860023478,30.272813300093787],[120.31663790011908,30.27660209980712],[120.31347630019116,30.278861499858408],[120.3113081003886,30.280620599860868],[120.30913130036924,30.282083699703037],[120.3028838998722,30.28556429995251],[120.29638179968038,30.28866520013895],[120.2945077995953,30.289380500209973],[120.29095359972894,30.290217400312827],[120.28567540039944,30.29034480007249],[120.28446230039492,30.290320100192503],[120.28130979980745,30.28971379975212],[120.27653270002418,30.288795000189168],[120.26859140037288,30.28655200017471],[120.26497099961205,30.285315599635283],[120.26255000038225,30.284261399943716],[120.25967249988605,30.283008299893197],[120.25582370010375,30.281332299945745],[120.25317809968965,30.280180200056236],[120.24831989994345,30.278064499976722],[120.24649030028718,30.276820799640234],[120.24339519982868,30.274716699915814],[120.24150490043087,30.2735044003079],[120.23924970021358,30.271395099804067],[120.23547530044482,30.26693569992267],[120.23072660035234,30.260199099708757],[120.22633839979733,30.253631099895415],[120.22167229973695,30.246517000259416],[120.2185964996288,30.242203000068457],[120.21558960018001,30.238555900234644],[120.22275299975115,30.235061800261917],[120.22406070034106,30.23442390034279],[120.22583759972554,30.233505799553086],[120.22658400015155,30.23310250038014],[120.22803000028432,30.232398399566534],[120.22947329975307,30.232090200102732],[120.23002360030898,30.231768699665793],[120.23064329974852,30.231420699805483],[120.23088940012576,30.23113739987116],[120.23106139996366,30.23078179984026],[120.23099589964113,30.230414299979998],[120.23080830016295,30.22994780005098],[120.23063990031119,30.227993600224522],[120.23058820008544,30.22730779971522],[120.23067099976686,30.22676190044143],[120.23068699960538,30.22611750022253],[120.2305949000347,30.220350600300037],[120.23057439998865,30.219071199576263],[120.2305263995737,30.216062899882957],[120.2305025999151,30.215296500333295],[120.23030230021106,30.214504399958116],[120.23040519974029,30.21319210023529],[120.23040579958808,30.211670000370248],[120.23035069992488,30.20855289979653],[120.23030909998499,30.203494199797547],[120.23029000018346,30.200970800162338],[120.23020690012845,30.193919600009565],[120.23013359998572,30.19287339978763],[120.2299000001849,30.19076210009092],[120.22907530028499,30.190634999805468],[120.22802309978624,30.190706799878967],[120.22789140036787,30.190029099563333],[120.22870089992671,30.189847399637813],[120.22868349984367,30.18954869971276],[120.22896040020237,30.18947250015583],[120.22889430003204,30.189061099889898],[120.22923190013216,30.188906900333222],[120.22962609996455,30.188784499904784],[120.22956900020927,30.188315300211002],[120.23003839955254,30.188099300142653],[120.23245459999987,30.187166599758825],[120.23234999985266,30.18695900025773],[120.23136960032684,30.18696220004557],[120.2314199003082,30.18556270025846],[120.22939429970722,30.185692199935147],[120.2293814996566,30.18533130019938],[120.2271936002046,30.18501549966561],[120.2223291996329,30.18414469961823],[120.22024459990837,30.184095299858257],[120.2204231000461,30.181293200320965],[120.21711999988815,30.179749999662818],[120.21769789973837,30.177816600255937],[120.21695629989335,30.177557400353805],[120.21717199958812,30.17704349985769],[120.21741230023758,30.176972799655005],[120.21820260016989,30.177279300299517],[120.21841150009072,30.17703059998223],[120.21897800013471,30.175386099688808],[120.21870500013574,30.17530330000733],[120.21804009987079,30.17538859980408],[120.2171069003632,30.175382899900967],[120.21583220039577,30.17532630016865],[120.2159459997082,30.172318799972686],[120.21549760043399,30.16639029997242],[120.21272539975746,30.166054600139717],[120.21342949967175,30.164088999607714],[120.21370360044091,30.16399459957114],[120.21423499994535,30.164038599801586],[120.21447290030414,30.1641504997458],[120.21510260020489,30.164207499676422],[120.21537579985329,30.1643105997544],[120.21545710036492,30.164751100283127],[120.21729890022414,30.16535350036378],[120.21772499990891,30.165423900192877],[120.21841639959723,30.165217700036862],[120.21870700022794,30.16486579981688],[120.22126489965547,30.16172739969977],[120.22156339993103,30.16095199973506],[120.22146029985299,30.160430900165977],[120.22090249985058,30.15983579988233],[120.21994249964666,30.159215600419657],[120.21987080029726,30.158732800278585],[120.22074620037688,30.157490400361723],[120.22134780006104,30.1559696000171],[120.22156799996333,30.155377200397538],[120.2215864000924,30.154725600206348],[120.22114329962369,30.154460900050537],[120.22032900038312,30.1543509003738],[120.21862269957796,30.154819799694053],[120.21785379991297,30.155026300223653],[120.2171169997498,30.154074099839875],[120.21655649998252,30.153484999832926],[120.21635780017243,30.15270819962376],[120.21608809978602,30.151229199767783],[120.21694209959833,30.15029130040324],[120.2169922997549,30.149781200442078],[120.21684239985689,30.149545999848044],[120.21651130005648,30.149203699890904],[120.21539179969182,30.148091400397846],[120.21506189958711,30.146953400079383],[120.21487940016425,30.14561019965106],[120.21443579967251,30.144196499568864],[120.21424710032352,30.14354869991263],[120.21398810007088,30.14310520014493],[120.21432930015715,30.141952299858815],[120.21492910029781,30.141788300389805],[120.216549399835,30.140582900380593],[120.21420560020829,30.13890600021182],[120.2117921004251,30.136730200238617],[120.20869320033103,30.135079800392532],[120.20798389963727,30.135451699736223],[120.2075589996482,30.135288800138085],[120.20659169964733,30.135177699691155],[120.20508840010962,30.13563279981389],[120.20405059955556,30.136185200286832],[120.20451360022253,30.137411100342035],[120.2036052004197,30.13800480038128],[120.202686200308,30.13922639987851],[120.2021297996506,30.13935660012703],[120.20186189970696,30.138755999589762],[120.20124769962172,30.13778869958884],[120.2003318003724,30.13804810003984],[120.19854860033774,30.13878109966805],[120.19809850044555,30.138901900202598],[120.19689489997972,30.138728099921934],[120.19579050013158,30.138867900433297],[120.19474789989567,30.13916839990179],[120.19413259993962,30.139679999932127],[120.19239590025063,30.14006389982916],[120.19237149984485,30.1408951000289],[120.19066129957935,30.141086900240282],[120.189933599656,30.141431999787017],[120.18846119992452,30.14339389960884],[120.18711660015106,30.14554170008944],[120.18612549959221,30.14515639994795],[120.18464270010054,30.148108000084164],[120.18283370031509,30.147349299630548],[120.18141319955953,30.14697879963194],[120.18211480025786,30.14807290044405],[120.17915149994178,30.147185099612727],[120.1770404997194,30.14863199996688],[120.17452720037011,30.15313809984349],[120.1723757999033,30.15226629975001],[120.17175100040845,30.154139899636732],[120.1701291999027,30.15466529976385],[120.17028109989292,30.155096000380183],[120.1704330997078,30.155526600272424],[120.16985450018512,30.155850699750033],[120.16880329973253,30.155006999873194],[120.16653809995341,30.15391759981742],[120.16555499976346,30.152280699694586],[120.16432730016481,30.152367899758815],[120.16287539958012,30.152483600237986],[120.16088469986903,30.154324700424638],[120.15985420001141,30.154014300319773],[120.15877530043986,30.152685099637665],[120.15750709987287,30.15225320022506],[120.15630889983595,30.150302200186445],[120.15629170030184,30.149832200096],[120.1558500999023,30.14979379994395],[120.15506990025574,30.150607000212915],[120.15435989988953,30.151117299823568],[120.15270289991895,30.149867100086624],[120.15080529982481,30.148528499690542],[120.15077599991253,30.148236100415772],[120.15120039987858,30.146596299979308],[120.14988090018346,30.14628549967614],[120.1497999998702,30.14540570011303],[120.14784010014057,30.144810800378195],[120.14696939991791,30.1439596999802],[120.1463422001325,30.143042500311196],[120.14773879960603,30.142045000176665],[120.14740180025296,30.141969100093945],[120.14662359979934,30.142092800042747],[120.14580309973337,30.142399299787883],[120.14045699979079,30.140233699925375],[120.15770500018573,30.127916399921958],[120.17255949992102,30.119901499754462],[120.17479119995403,30.118613800086848],[120.1760396999722,30.11697630011622],[120.17710140000963,30.114815099737086],[120.17736949960283,30.113012600251352],[120.17741809986546,30.111712599656812],[120.17710779958531,30.110247999745468],[120.17580839973789,30.107292500148787],[120.17537629977653,30.105885099817556],[120.17528530007655,30.105011500180638],[120.17494500021166,30.10263250018977],[120.17414030033467,30.09974450010867],[120.17441500005225,30.098663600444866],[120.17541639964713,30.095884500169575],[120.17506629986985,30.094752400303094],[120.17447710003819,30.095452900231237],[120.17246530043337,30.098934399802772],[120.17171029979056,30.098601299910115],[120.17116050015704,30.09856639991949],[120.17021630014222,30.098067900313424],[120.16970289966912,30.097119200091072],[120.16806639974459,30.09503499966553],[120.167390400047,30.093633899984525],[120.16712419982207,30.090924999888898],[120.16723699998761,30.08893840018709],[120.16825679971157,30.08598760044748],[120.167556100134,30.084587599737972],[120.16325819960628,30.08648979986441],[120.15628760029256,30.086140499584417],[120.15621719956414,30.086685799909787],[120.14965169986613,30.086376999698814],[120.14958499984789,30.08707679995439],[120.14974900021627,30.089521099719036],[120.15015559990104,30.089598099672628],[120.15028899993752,30.08979199980098],[120.15118130007704,30.08988880012805],[120.15138650018685,30.08961899991698],[120.1521870002299,30.089390299622664],[120.15314300024932,30.08921900035665],[120.156747000074,30.089103000403213],[120.15779730030522,30.089345900093292],[120.15500909979016,30.09061559983013],[120.15504630024657,30.093309400308613],[120.15516829957744,30.094623600298974],[120.1550967000527,30.096700599852852],[120.15496549975808,30.097047599667064],[120.15098570022997,30.09696739992563],[120.14047720036262,30.09020299986861],[120.12505330026966,30.078851899995243],[120.12435130027234,30.075851400122076],[120.12536630031457,30.06898890021762],[120.12785329988992,30.057342400031814],[120.12870779972525,30.047265900301113],[120.12917329960817,30.041309399908926],[120.12909729970067,30.035341399885738],[120.12930280018418,30.02891939961063],[120.12927229967693,30.02157389991561],[120.12819680044208,30.013974900221513],[120.12654179966444,30.007968900244578],[120.12227629991139,30.000980399925595],[120.11829379971914,29.99377040018385],[120.11446380026428,29.98954789971583],[120.11010729991199,29.98531140040086],[120.10624679994987,29.982005899952355],[120.10269179968691,29.97779089983021],[120.10015080031928,29.974744899657424],[120.09868630023266,29.971036900432637],[120.09941879983785,29.964856399603207],[120.09908279963156,29.958883400248794],[120.10050979978746,29.9554709002619],[120.10117329980801,29.951587400138465],[120.10260780030978,29.94795039969125],[120.10323330037659,29.944982400417473],[120.10047129981069,29.94055340031923],[120.09739680012228,29.9374963996392],[120.09282679981698,29.931876900398663],[120.0885468002947,29.925578400422864],[120.08479329987097,29.919748399569016],[120.08157329976802,29.913015400240567],[120.0796128001906,29.90837840044287],[120.07692729955534,29.901656899846103],[120.07546180032193,29.89817790038984],[120.0735323003754,29.89262389967331],[120.07260880005617,29.888469899666177],[120.07243380007992,29.885942400021804],[120.07283030037809,29.881818899622544],[120.07322729980012,29.877694900099584],[120.07544679963019,29.874309399559195],[120.07903280042342,29.86980439955346],[120.08235179969586,29.864835899756997],[120.08627379979612,29.858045399575587],[120.08981330024369,29.854459899704636],[120.09390279997433,29.850425899835443],[120.09660330040208,29.848426900281254],[120.09963229979087,29.84459689992707],[120.10323330037659,29.847209899917004],[120.10814680033468,29.85031139995118],[120.11798880004312,29.855824899699428],[120.12287879981682,29.859615400030748],[120.12699129970872,29.862926399833555],[120.12979879967497,29.865978400282984],[120.13255329989488,29.870631899942282],[120.13678729999401,29.878307399566893],[120.14201329997388,29.88830190001272],[120.14217380018079,29.89151739990814],[120.1431123002925,29.894983399664227],[120.14560680021373,29.89917539962505],[120.14660580041743,29.90103339987155],[120.1489408001778,29.90246590028113],[120.15202330023521,29.905063399556298],[120.15411380041166,29.906030400082955],[120.15854579974894,29.907054899663933],[120.16092729985508,29.906881399756855],[120.16622180029594,29.90677640031066],[120.16935730009936,29.907539400423047],[120.17356129971427,29.908325399797434],[120.1764373001414,29.909084399725316],[120.17931379969218,29.910068400136595],[120.18343329990694,29.913148900101703],[120.18598929996631,29.915733399676697],[120.18826279958864,29.9192293999169],[120.19000229976643,29.922483399789144],[120.19281780010147,29.92507339961776],[120.19612879990427,29.92905039955633],[120.20134730043765,29.931009399963898],[120.20625280002673,29.93456640031917],[120.21724679980002,29.937116400101843],[120.2227173002633,29.939309399609158],[120.22926329996142,29.941296900431666],[120.2329102999704,29.942989400240663],[120.23870830024794,29.943120900009603],[120.24215680009627,29.94251239982742],[120.2453917999917,29.940521399742863],[120.24887080034728,29.938993400325216],[120.25427230032642,29.934987899971645],[120.25779730010538,29.93208490009812],[120.25993279965905,29.931443900215868],[120.26257330001783,29.93127639968617],[120.26833330034162,29.932782899910933],[120.27382680006679,29.93405740022888],[120.27802280021217,29.935298899924362],[120.28218829985019,29.937000400148406],[120.2869188003624,29.937797400030036],[120.29144979976854,29.936290899805215],[120.29566179975234,29.936614900357426],[120.30148330021416,29.93628889971302],[120.30541980008377,29.937066899617776],[120.31034829983423,29.93993190043693],[120.31658180040984,29.943284400354855],[120.31967930025951,29.945419399885452],[120.32331079955384,29.947566899992466],[120.3273697996766,29.95316490004018],[120.33065780021741,29.957828400160565],[120.33390029955922,29.964097899698345],[120.33795929968198,29.96946489988528],[120.33999630008918,29.971807399991576],[120.34253630031003,29.975074899587014],[120.3478013002898,29.97588139990671],[120.34987629975149,29.977075400109698],[120.3532408002228,29.979444399639362],[120.355239799777,29.983161900201594],[120.35571280000579,29.985465900331064],[120.35508729993899,29.988435899697038],[120.35497280005472,29.992105399844377],[120.35404979975851,29.996673400057432],[120.35337079992257,30.001708900245603],[120.35275280020164,30.004676900418644],[120.3523788000416,30.00811189964452],[120.35070780032481,30.011060899840686],[120.34877030000939,30.013999899575765],[120.3468702996247,30.01579290042207],[120.34391029982055,30.017564900299988],[120.34094279967053,30.0195633998311],[120.33881380041657,30.020433400381194],[120.33686829973226,30.023374400208468],[120.33571629966752,30.026103900174917],[120.33323680043804,30.029720399676762],[120.33049780003353,30.033099899940453],[120.32775879962901,30.03625489974388],[120.3247298002401,30.04031539993582],[120.32228079971924,30.04255689988105],[120.32038879970344,30.044122900151763],[120.31845829971087,30.04660240028062],[120.31759630042893,30.049108399832846],[120.32044230037195,30.05100640012529],[120.32404330005829,30.054300400043473],[120.3273468004146,30.05827539988985],[120.32965829999057,30.060851899995214],[120.33065029987154,30.062938900010295],[120.33006279975848,30.06499090020992],[120.3283768002492,30.067937900313893],[120.32776629997488,30.070678899911343],[120.32745379995299,30.07250589962763],[120.32737730002248,30.07480040021835],[120.32752979986049,30.078704900410855],[120.32745379995299,30.081226399778586],[120.32682779986317,30.084426899881578],[120.32644630025663,30.088319900443082],[120.32636280000327,30.09107189964851],[120.32517980030764,30.095176900093918],[120.32321180038434,30.099035399963782],[120.31968679970612,30.101709400068785],[120.31700880031599,30.10325440027043],[120.31484979967854,30.104585399596544],[120.31109630015419,30.10610440039784],[120.30845629981843,30.10627740028184],[120.30525180043026,30.107122399679042],[120.30211629972746,30.10567640044559],[120.2997967997826,30.104015400290564],[120.29798880004319,30.102598399696433],[120.2961732999579,30.101409899747125],[120.29295439972577,30.10058359995321],[120.29119490042433,30.1008806001596],[120.28724670037502,30.103182500372156],[120.28505799962704,30.102402899674132],[120.28428549997591,30.10258849995938],[120.2844572003396,30.104741899619],[120.28316970032142,30.10734070021317],[120.28295509959821,30.109828099986885],[120.2883194998451,30.113169200098582],[120.28969279968305,30.11524809991994],[120.29243940025822,30.118848899956845],[120.2965164003117,30.12100190031748],[120.29750339996201,30.124751000358458],[120.30020710017754,30.128388599754146],[120.29982089981479,30.129205200359763],[120.29424189974395,30.12905669980688],[120.29329769972912,30.12994749987729],[120.29484269993077,30.131580700189204],[120.29827589961315,30.134512800325524],[120.30175199965515,30.136776800409052],[120.30458449987486,30.138372700439845],[120.30904770029122,30.14015419985651],[120.3107643001324,30.13833559980816],[120.31274910029083,30.131608500032314],[120.31294229984735,30.128397899643403],[120.31341430002999,30.12749769985902],[120.3142940995931,30.127172999634297],[120.31772730017485,30.12963199971705],[120.31802769981857,30.129567100141628],[120.32127849990286,30.127423500394286],[120.32184719968859,30.12721940015524],[120.32281279997085,30.127163699744983],[120.32388570016496,30.1279245999404],[120.32878869963884,30.13512519996806],[120.33099889957964,30.137500500148008],[120.33213610040082,30.138892299939755],[120.33548350026342,30.140321200363132],[120.33571960017946,30.14139740016992],[120.33496849989638,30.14323450017207],[120.33539770044354,30.144385000167688],[120.33668509973768,30.144867400110456],[120.3412771001581,30.144459199632422],[120.34368030000587,30.144459199632422],[120.34655569968584,30.144310799803634],[120.34973140008412,30.14449630026411],[120.350461000275,30.144793199746402],[120.35028929991131,30.145980800373707],[120.34780020041899,30.14972890036853],[120.34792900042305,30.153180000156908],[120.34887309971384,30.154181999599643],[120.35080430027824,30.154033499946138],[120.35329339977068,30.150248400043665],[120.35423749996073,30.14943199998686],[120.3553532996151,30.149469099719227],[120.35629749962993,30.151881200157334],[120.35861489965794,30.154849900002944],[120.36711209994348,30.157521599642166],[120.37256239983492,30.1574844999098],[120.37741179971488,30.1574844999098],[120.3802012997503,30.159525399777408],[120.3821325003147,30.159933500430725],[120.38367739979219,30.158783200084656],[120.38732520019789,30.15006289958319],[120.38869850003584,30.1484301003689],[120.3905438998811,30.147316799930422],[120.39436339975111,30.14449630026411],[120.39277550008933,30.140339700316986],[120.3938912997437,30.1388180995757],[120.39573669958907,30.138929399672122],[120.4010582003757,30.13944900007135],[120.40187349966232,30.13737070009779],[120.4002856998253,30.13202610022438],[120.40161610020289,30.13191470030324],[120.40427680023424,30.131988899767975],[120.40419100041436,30.133473600426385],[120.4072809000935,30.134215899943854],[120.4072809000935,30.13956039999249],[120.40715210008943,30.14134179958444],[120.4071091997298,30.149877400022035],[120.40698049955051,30.15169569969686],[120.4107570001355,30.150434000328914],[120.41406149963859,30.151027700368104],[120.41745179986071,30.151101999657612],[120.41968340006895,30.148578500197686],[120.42204380028124,30.14683430016288],[120.42079919972332,30.139820199742474],[120.42118549991096,30.132100299689114],[120.43105600003446,30.13473550034314],[120.43560500027058,30.136516999759806],[120.43955320032,30.133325099873502],[120.44178479962886,30.134995300093067],[120.44281480036284,30.1378902995977],[120.4428576998231,30.14323450017207],[120.4459476004015,30.146017900106074],[120.44644119960174,30.15006289958319],[120.44693469987658,30.1519740002999],[120.44854399980579,30.15297589991792],[120.45397279960503,30.153087299839058],[120.45487400033494,30.151324599850454],[120.45517439997866,30.151380300260712],[120.45590400016954,30.155425100088337],[120.45757769965121,30.155833199842334],[120.45689099981985,30.156965000234607],[120.4566979000881,30.160490099838285],[120.45659060017613,30.16173309960294],[120.45839309966186,30.161695999870574],[120.45907969966845,30.164849899803073],[120.45858620029298,30.165629100302795],[120.45858620029298,30.168170599693497],[120.4567944998663,30.16853699968283],[120.45693400000414,30.17039680037209],[120.46071039986509,30.171621200358175],[120.46749110013423,30.17228900003738],[120.47143930018365,30.171621200358175],[120.47633160042312,30.17154699999412],[120.48130980030714,30.172882600251853],[120.49175980017469,30.1728083998878],[120.49240349982176,30.174477900434795],[120.49454930021011,30.174793200046224],[120.49671649996651,30.174088299735274],[120.49693109979046,30.172084899798335],[120.4953646003961,30.172122000430022],[120.49515010039693,30.170953299954874],[120.49560070031214,30.17071209998346],[120.49568650013191,30.168523099761273],[120.49774639997645,30.167391499917812],[120.498990999635,30.16867149959006],[120.49982779991308,30.167892399814434],[120.50034280028012,30.166612300317468],[120.5007719999279,30.166018700102995],[120.50163030029819,30.165758900353012],[120.50163569982772,30.166779299924826],[120.50208629974304,30.167692899607687],[120.50311090004811,30.16722910034275],[120.50294460011321,30.166533499921115],[120.50413009992428,30.1661253003424],[120.50373309960298,30.165072499995915],[120.5061149000826,30.16429330039557],[120.50695180018545,30.16438609963882],[120.50710199955768,30.163031799777798],[120.50639390035826,30.161974299574297],[120.50645829991072,30.161399200212998],[120.50778859956426,30.16145479989916],[120.5088614997585,30.16019320035599],[120.51059959969189,30.159506799998894],[120.51139349961034,30.158801799863227],[120.51203729998144,30.157076300331028],[120.51932209993504,30.15728969956001],[120.51947230020653,30.157670000370274],[120.52102799964257,30.157642199627844],[120.52134990027776,30.15723400004913],[120.52274460038302,30.15864410014518],[120.52299140043283,30.159228500295114],[120.5236351000799,30.159785099702617],[120.5239034002218,30.161028100366593],[120.52542690033124,30.16084259990612],[120.52562000006299,30.16103740025585],[120.5275618998619,30.160387999806403],[120.52876350023541,30.16003549973857],[120.52967550002438,30.161491899631528],[120.53119900013382,30.16134349980274],[120.53146719955168,30.16064779955633],[120.53207869987216,30.160629199777816],[120.53267950005898,30.160638499667073],[120.53310330017723,30.160731299809697],[120.5329853001316,30.16164500021665],[120.5336021999816,30.161830499777807],[120.53353790025392,30.162317499752874],[120.53457860022229,30.162401000006184],[120.53482530044732,30.16230819986356],[120.53462149968254,30.16185829962086],[120.53458389992716,30.161529000263215],[120.5338705001235,30.161199700006193],[120.53394549998495,30.160861099859915],[120.53452489990423,30.160861099859915],[120.53506129963932,30.160712700031127],[120.53532959978122,30.16033240012024],[120.53628440010505,30.160350900074036],[120.5365955997072,30.16016539961356],[120.53685309989066,30.160453000105917],[120.53925629973855,30.160276699709982],[120.53958359990327,30.159812900445047],[120.53963720039656,30.15949750010958],[120.54054920018552,30.15926560002748],[120.54072620025397,30.159655199827682],[120.54266810005288,30.160281399566998],[120.54293099976587,30.160003099863218],[120.54562390002297,30.160174700402138],[120.54608520007196,30.159956700241594],[120.54644459973849,30.15995200038458],[120.54671819958526,30.160230300088358],[120.54763549997836,30.160021599817014],[120.54862260035281,30.159316599681404],[120.54886940040262,30.15919599969567],[120.54943800036347,30.159070799677693],[120.5499691003937,30.159284099981278],[120.55040359974635,30.159080099567007],[120.55053229992575,30.15876470013086],[120.55096690000255,30.158528100191745],[120.55141210038823,30.158379700362957],[120.55161590025364,30.158616199577978],[120.55182520037272,30.158634800255868],[120.55208269965692,30.158430700016822],[120.55194850012322,30.158082799981287],[120.55205050033044,30.157911200341687],[120.55329500016421,30.157887999631555],[120.55453420029312,30.15634339962827],[120.55445909970774,30.156018800127583],[120.55428740024342,30.1557590003776],[120.5538583004203,30.15396860037066],[120.55511350038785,30.1536994998321],[120.55538179963037,30.153458299860688],[120.55530669994425,30.15279970024602],[120.55495259998258,30.151927599778958],[120.55452350015946,30.151732800328546],[120.5541157997045,30.15177919995017],[120.55313940036308,30.15228009984679],[120.55145499984837,30.152632699739343],[120.55173400012404,30.152298699625362],[120.55327889960165,30.151927599778958],[120.55428740024342,30.151408100103765],[120.55509210012042,30.1515287000895],[120.55548910044172,30.151491600357133],[120.55533880034545,30.150081400436306],[120.557742100018,30.149636100225905],[120.55866479994063,30.152233800049885],[120.56068180032491,30.151825599571794],[120.5612182000599,30.153532600049516],[120.56430809973904,30.152493499975094],[120.56490899975063,30.15420049955344],[120.56581019958105,30.154664299717695],[120.56703330004677,30.154664299717695],[120.56735509995792,30.154701500174156],[120.56915760034303,30.154515899888906],[120.56939360043441,30.154237600185127],[120.57074550000493,30.15435820017086],[120.57218309957045,30.154812800270577],[120.57343840026203,30.154896299624568],[120.57597040011399,30.15488699973531],[120.57696819972273,30.154617999920788],[120.57972550043155,30.153810899753296],[120.57990790002964,30.15343979990689],[120.58050870021646,30.15316150020311],[120.58062670026209,30.150118500168674],[120.58263299961334,30.149951499662052],[120.582987099575,30.150758699654318],[120.58417799981487,30.15057310026839],[120.58433890022013,30.14918150012619],[120.58543319978241,30.14915370028308],[120.58559420001234,30.148253799972963],[120.58591070021873,30.14835580018007],[120.58636130013394,30.14879650035823],[120.58695669989186,30.148977399887144],[120.5873269004162,30.15135709955058],[120.58768630008274,30.15123179970783],[120.58791160004034,30.15151010031093],[120.5880725004456,30.15211780009645],[120.58820130044967,30.152090000253338],[120.58808330040404,30.15157039985411],[120.58829780040321,30.15134309980425],[120.58811539990586,30.1497010996261],[120.59155940044604,30.149163000172393],[120.59360860015681,30.14837439995864],[120.5948209995895,30.14840219980175],[120.59654829956446,30.14945059976543],[120.597288599889,30.150925700160997],[120.59885500035807,30.150786500396748],[120.60007809992442,30.151009200414308],[120.60048580037949,30.152493499975094],[120.60448760002282,30.15289239966455],[120.60595749963898,30.153597499624937],[120.60580730026675,30.154237600185127],[120.60960530004468,30.16990520036478],[120.61096789974886,30.17255790002713],[120.62014099990733,30.188686200407858],[120.62069889973452,30.18957649955587],[120.62123540019365,30.18971560039472],[120.62404629959713,30.193916500046498],[120.62398190004467,30.194398700339775],[120.63041919958641,30.20468209989906],[120.63842300032127,30.216976299916382],[120.64039710034592,30.219748300044046],[120.64018249962271,30.220109900351645],[120.64047220003204,30.22045289998141],[120.66548109967312,30.235062499934486],[120.68063020022362,30.252839500442633],[120.69075819963132,30.265044299754663],[120.69024320016365,30.26555400041684],[120.69539310041137,30.27180859998697],[120.69996792917664,30.277239614816438],[120.68444059985382,30.304232400005333],[120.66971010044085,30.344303999629915],[120.6592203001768,30.36048219979375],[120.67433690012786,30.3767383001325],[120.67991708640443,30.382070562206707],[120.64398589982943,30.38969250000889],[120.62990970037242,30.39169149956308],[120.61231439978974,30.391469400292635],[120.58776680019776,30.39065500032808],[120.57077229980189,30.390729000143267],[120.552919499935,30.390284799803737],[120.53420839969795,30.390506899973502],[120.49730119959077,30.391617499747895],[120.47404110001685,30.38835980006479],[120.44271289998039,30.381399899985468],[120.43378650004695,30.375328100211732],[120.40928189974,30.32077590028763]]]}},{"type":"Feature","properties":{"shapeName":"Fuyang City","shapeISO":"","shapeID":"62558664B65585024332580","shapeGroup":"CHN","shapeType":"ADM3"},"geometry":{"type":"Polygon","coordinates":[[[120.14047720036262,30.09020299986861],[120.13843950028274,30.093846899914524],[120.13807029980455,30.094200599678004],[120.13900050007305,30.095277300407133],[120.13760050026292,30.098115499630637],[120.13816390034378,30.098557100030177],[120.14022060040043,30.099905899637633],[120.14198900029214,30.100668299902168],[120.1422032997425,30.101281099743005],[120.14081900029669,30.101104300223312],[120.13857319979343,30.10067649992061],[120.13799210015532,30.100417700216724],[120.13652800026705,30.100082799881363],[120.13627989979761,30.100256399613215],[120.13332459985043,30.099781199642678],[120.13319339955581,30.10007319961852],[120.13292460029015,30.100466500128903],[120.13064050035882,30.099986899775672],[120.13083260004453,30.100617999920814],[120.12820350039124,30.100223700263598],[120.12804100009214,30.10068689968074],[120.12748940001586,30.100585299671877],[120.12655380021772,30.100464500036708],[120.12391139959152,30.102207799850135],[120.12022250016832,30.098401600053876],[120.12209400013808,30.097445299660876],[120.1153933997856,30.088457399589345],[120.11527000021044,30.087814100140633],[120.11590980039705,30.0865903000024],[120.11581069960414,30.08422150012217],[120.11613370011025,30.082040000245854],[120.11285450033495,30.08143469985157],[120.09849850020566,30.078073900090487],[120.1002029996688,30.08197199980799],[120.09989769961919,30.08271790021098],[120.09817150041442,30.084275900112743],[120.09728719974453,30.08417060029302],[120.08722769989845,30.08185699990065],[120.0832532000752,30.081096200429386],[120.07853920032392,30.081082699806814],[120.07443390040419,30.08239129971878],[120.06793009959449,30.086098899644583],[120.06316629988487,30.089130800246267],[120.0600034004367,30.091298900224103],[120.05695719971504,30.094222199594867],[120.05553269967436,30.094971899633492],[120.05281949992002,30.095410700443495],[120.05045820038572,30.095171600389108],[120.04944380019128,30.094845800293513],[120.04867019976996,30.094224900259007],[120.04636280020316,30.09230200043703],[120.04488929970148,30.090364299572798],[120.04403389964477,30.088303000383235],[120.04365099979384,30.087219599704838],[120.04150430008349,30.08720209979714],[120.04042539961256,30.08741320035898],[120.04029020003281,30.08792569971132],[120.03888770010735,30.088791600252193],[120.03930769969065,30.089104100274085],[120.03843460007681,30.08987919986521],[120.03867739994212,30.09080149958959],[120.03841579974937,30.091804599802515],[120.03827769985605,30.093193600004668],[120.03866879972543,30.094412700285943],[120.03879730025528,30.09519599989551],[120.03779450041588,30.09528339960923],[120.03513740037079,30.095439199959173],[120.03385179972088,30.095241199821544],[120.03191619967299,30.095427200305096],[120.02934059978895,30.095524099557622],[120.02733750022549,30.09615190009015],[120.02570389971527,30.09724370043648],[120.02628600029868,30.09783640042957],[120.02572439976132,30.098833799840065],[120.02552259998811,30.100069200333394],[120.02532659994267,30.10115670012169],[120.02470999956688,30.102510400134918],[120.02252219993966,30.104324800349332],[120.02186859965616,30.105610499924694],[120.02169599997046,30.106171499715003],[120.01934760031156,30.107469600042066],[120.0189742998241,30.10819749961496],[120.01757689995407,30.108914100105665],[120.01605249962324,30.10855309964586],[120.0151794000094,30.107626899561808],[120.01371549977057,30.109114600358566],[120.01327280039948,30.109812899645647],[120.01176639999937,30.110602800279082],[120.0116631002719,30.111941600324656],[120.01177610008699,30.114123899698257],[120.01247400007514,30.11495440022543],[120.01278850018923,30.11557239994636],[120.01261369986241,30.11622030032663],[120.01259269979334,30.11730499962607],[120.01200829964341,30.117682599772195],[120.01127179985372,30.11840509981556],[120.01005750015361,30.11886210020583],[120.0091725996358,30.118667299856043],[120.0084519000352,30.11854629967206],[120.00740450011767,30.117905699988114],[120.00674310001409,30.117949399844974],[120.00466489986525,30.118296299834412],[120.00246699995216,30.11733009970436],[120.00073900030463,30.1175468003446],[119.99957239974651,30.118186499807166],[119.99746949971768,30.118082399683033],[119.99828450042946,30.122656300348012],[119.99938480026833,30.12316810002784],[119.99966050003206,30.12402300006147],[119.99995839956057,30.12522430006146],[120.0006250004435,30.125886700211083],[120.0006201998624,30.12674789999562],[120.0002193999054,30.12783010007911],[120.0003713997204,30.128635899826975],[120.00028929971143,30.12976169994255],[120.00094940029464,30.130648700377265],[120.00183169997308,30.131525700350835],[120.00213220034084,30.1327639004337],[120.00335460023473,30.134193700179196],[120.00468489988828,30.135152399963317],[120.00487250026572,30.13666939977304],[120.00366290042257,30.138376199701895],[120.00328630032254,30.139434899600985],[120.00258950020532,30.140294700040442],[120.00311130034629,30.14048390031178],[120.00333350034089,30.141028599890035],[120.00375640023776,30.141363000202375],[120.00544999991757,30.141179099635792],[120.00604989988301,30.14489240036403],[120.00678069976959,30.1462887003633],[120.00825699986069,30.148073199918315],[120.00815999988413,30.148470899912127],[120.00742950037125,30.149394900254492],[120.00765059959554,30.15014389972123],[120.0067585998296,30.14980779969028],[120.00668230044789,30.150071499799935],[120.00756460012622,30.15047639976609],[120.00765919981234,30.151835199834636],[120.00906030039266,30.151487399623818],[120.00940170012836,30.151092799593073],[120.00969770028871,30.150405200439707],[120.01109999966536,30.150185399836403],[120.01120230024605,30.150657400019043],[120.0106558002251,30.151590499701854],[120.01042299992162,30.152832000296655],[120.00995719966511,30.153851700195844],[120.01200309976332,30.154921700076443],[120.01132690041618,30.156681899949774],[120.0108690996293,30.15806430002749],[120.0105084004424,30.159159999834174],[120.00999809993243,30.159891399568494],[120.0096106000492,30.161442099673195],[120.00931430041464,30.16180600044663],[120.01069459967607,30.162427399604837],[120.01130969998269,30.16294690017935],[120.01244649970624,30.163160699606635],[120.012921599852,30.164125799865815],[120.01293609962136,30.164668000228062],[120.01375930035147,30.165572499671157],[120.01461199974403,30.16591789959142],[120.01392289962223,30.1673200002179],[120.0134728995547,30.16787620032642],[120.01215549977655,30.171673399707686],[120.01167960013345,30.172356799926433],[120.00990150015411,30.17396719972652],[120.00938160028068,30.175291400178025],[120.00949500029412,30.17563329993692],[120.00934210025775,30.176039799796968],[120.00963040042268,30.17696669955359],[120.00965780006743,30.17726750029493],[120.00991719961917,30.17755380036766],[120.01018699983024,30.17838580006469],[120.01122659992768,30.178975599744206],[120.01158450042442,30.179469500217294],[120.01120519966025,30.17993619979586],[120.01110979957764,30.18025639981306],[120.01113889984038,30.180681500351],[120.01136150003322,30.181316900154854],[120.01115050019553,30.181909399599135],[120.01101169973026,30.18254020027007],[120.01061730024821,30.18268869992363],[120.01021019964105,30.182806799794037],[120.00960809993387,30.183246400101325],[120.00839370040899,30.183581900284537],[120.00769120038865,30.183969599817203],[120.00698279991639,30.18449540014268],[120.00627440034339,30.184589999828688],[120.00565679992144,30.18486039988761],[120.00406580029653,30.184697199915888],[120.00276350013553,30.18470539993433],[120.00130019974449,30.185107100112646],[120.00039330001084,30.184635799602518],[119.99873460032165,30.184227600023746],[119.99838930022611,30.183967300250742],[119.99729330004584,30.184084800273354],[119.99647980030261,30.184261499968272],[119.99548559978064,30.184813400418136],[119.99442110015366,30.185591799621932],[119.99325449959554,30.18619650016842],[119.99211819989512,30.185611000147617],[119.98937039962425,30.185010299785574],[119.98878360008314,30.185014200145247],[119.98826509955472,30.184931899587525],[119.98823350007603,30.18436679978805],[119.98765000014748,30.18388909970224],[119.98714250012631,30.183349699828852],[119.98698299996556,30.183079000295663],[119.9867243000864,30.18275199960516],[119.9864155997002,30.18232299960681],[119.9861022003563,30.18211649997653],[119.9857929001223,30.182020699695613],[119.98500439973327,30.182368900104734],[119.98383780007453,30.182811999674072],[119.98349390022338,30.18275570031534],[119.98281529968642,30.182713299978843],[119.98207939974452,30.182814899987704],[119.9816230999262,30.183108099659137],[119.98114349957291,30.183321399962665],[119.9806323995656,30.18310339980212],[119.98072590028016,30.18281459961412],[119.98100889984096,30.18224179981928],[119.98100119984554,30.181884000046637],[119.98140139995473,30.181335499933425],[119.98201610006299,30.18101200030361],[119.98268499961307,30.180678100014347],[119.98426349956094,30.179597800198394],[119.98493099976588,30.179349900277714],[119.98527589966307,30.179168099628157],[119.9856754000997,30.178907299832076],[119.98579729960579,30.178682300248],[119.98500539977942,30.178196199594993],[119.98424789992066,30.17768039973072],[119.98324410003522,30.17724750027196],[119.98220080012686,30.17673390014943],[119.98186310020196,30.176557099730417],[119.9812888003379,30.17641930021057],[119.98081189974948,30.176981300047032],[119.97989989996051,30.177539799722013],[119.97920869992163,30.17799110020917],[119.97881419971566,30.177987699872517],[119.9782220995703,30.176999200153034],[119.97748359968841,30.176545600099416],[119.97660659971484,30.17651289985048],[119.97554269993566,30.177269899686166],[119.97454879978739,30.177675900422514],[119.97361910044117,30.178089000407113],[119.97256890003473,30.17838670028607],[119.97165330025962,30.178196199594993],[119.97081420041513,30.178050500430288],[119.96929890032402,30.17821580031898],[119.96865269966247,30.178130999645987],[119.9683764998756,30.177983599863296],[119.96775349992413,30.178058099701616],[119.96713939966367,30.17819509972412],[119.96644420033965,30.1783510997235],[119.96563839969247,30.178615000382024],[119.96545059966547,30.178547099768878],[119.96518150002623,30.17814750040685],[119.96475540034146,30.17747790028494],[119.96392300044613,30.176944200314665],[119.96270319959308,30.1770906000512],[119.96237149994488,30.17705339959474],[119.9621902002176,30.17678060014464],[119.96154990000798,30.176229799565647],[119.9605995000669,30.17576600030071],[119.95961520018136,30.17554409978044],[119.95941310003457,30.17515049979579],[119.95887970043793,30.174985799754893],[119.95754439965435,30.17501530021599],[119.95624249969171,30.175348699582855],[119.95591349980828,30.175100099989663],[119.95619529967337,30.174397400319833],[119.95605690030573,30.17415940013626],[119.955530699782,30.173362099881047],[119.95514949964979,30.173319800268644],[119.95478690019536,30.172918199915046],[119.95500259989012,30.172361200309183],[119.95499100043435,30.172169099724215],[119.95448610035328,30.172233199802406],[119.95331809955076,30.17244709995373],[119.95262970000067,30.17260550024372],[119.95140689990853,30.172340600438417],[119.95013169991807,30.172032499900013],[119.9484778997354,30.17158859993401],[119.94802419985695,30.17090190010265],[119.94735969979035,30.170499199878236],[119.94712640036312,30.1699043001434],[119.94629210020037,30.169635099780066],[119.94556240018471,30.169220200252084],[119.94408390035176,30.168748299894162],[119.94352329986043,30.168779699723416],[119.94310270042934,30.168579599668817],[119.9415141001956,30.168130900021083],[119.94110749961146,30.167820099717858],[119.94053490036538,30.166867900233456],[119.93993770016482,30.166159300111644],[119.9396637001197,30.16478490040288],[119.93920960004311,30.16418479988863],[119.93844919987077,30.16345059966551],[119.93830359963147,30.16309520018342],[119.93793409967907,30.163016999634863],[119.93725149985687,30.16261359973788],[119.93643259968474,30.16195280038147],[119.93496670025309,30.161960500376836],[119.9336715002396,30.1621208998597],[119.9317729000993,30.162109300403927],[119.93136609986573,30.16302669972248],[119.93061350041273,30.164051800050572],[119.9301524000133,30.165326199644426],[119.9297682995674,30.166303500106494],[119.92965129956792,30.16699060013616],[119.92952179989118,30.167676899769162],[119.9294770001635,30.16842060043041],[119.92914640038612,30.16914719958362],[119.92971779993661,30.170860599637024],[119.92991170006496,30.172211900259015],[119.93007950006893,30.172671700238823],[119.93021669974098,30.173591499847873],[119.92983730005142,30.174556500282335],[119.93004839971388,30.174957200414497],[119.92982740031437,30.1756471000337],[119.92981200032364,30.17599299997704],[119.93028530002664,30.176494100422474],[119.93071880023251,30.17682980025512],[119.93148929979145,30.176750099637445],[119.9320567000567,30.1769365003193],[119.93260129981024,30.177269500387183],[119.9333877002822,30.177562700058616],[119.93358020016615,30.17788640023724],[119.93318059990486,30.17819189993628],[119.9326280996072,30.17852819961678],[119.93181619975792,30.17922990013983],[119.93166069978156,30.179456100318816],[119.93288790025645,30.17970510011031],[119.9328189995972,30.17997629966652],[119.93231249962218,30.18043509960023],[119.93229680015725,30.180872000142756],[119.93180079976719,30.18144989999297],[119.93136309972738,30.18244950004447],[119.93125489959402,30.18284789971085],[119.93074590040305,30.18324580025353],[119.92982509984859,30.183490600211087],[119.92861700007461,30.18333000017941],[119.92818940032066,30.18382839996076],[119.92774579982881,30.18460279987937],[119.92751870032782,30.185452400208135],[119.92714749975733,30.18620370014071],[119.92739939986245,30.18683919976928],[119.92804149961557,30.187384699744143],[119.9288105000046,30.18867779984066],[119.92870759957611,30.188945699784256],[119.92760769993549,30.18913370036006],[119.92610629976593,30.189758800228503],[119.92558739993865,30.190417300018453],[119.92517610039681,30.191106800338616],[119.92516109970506,30.191304400277886],[119.92466570006206,30.19147289995442],[119.92367580009818,30.19118419959119],[119.92296519988417,30.191505600203357],[119.92216379961974,30.191756299713518],[119.92162859958023,30.192017899906205],[119.92155349989412,30.192673199908313],[119.92088809960615,30.192938800285447],[119.91986639961476,30.193060699791488],[119.9169184003639,30.193064399602406],[119.91700060019764,30.193382100403653],[119.91737379996096,30.193904100194118],[119.91698809962111,30.194373399712674],[119.91647620011656,30.19509389966379],[119.91587149957013,30.19563440030737],[119.91554170018935,30.19586299987759],[119.91515769956823,30.195753600048647],[119.91498629957812,30.195333200267044],[119.9148243002013,30.19510630041549],[119.91369020024263,30.194518999951924],[119.91240110033061,30.193670700042844],[119.9120591996724,30.193527699743584],[119.91164439996919,30.193343700251603],[119.91079250007385,30.193078699722264],[119.91045930035648,30.193313500117995],[119.90936020021309,30.19379249972411],[119.90883749985085,30.19391900016177],[119.90764120008134,30.19375980037455],[119.90650159986899,30.193776200411378],[119.90605860012431,30.1935727998449],[119.90526580007668,30.193017499957705],[119.9046305000976,30.192830299778564],[119.90367309983378,30.19282049986623],[119.90320259972032,30.193166999657365],[119.90192860032471,30.193544699628262],[119.9002318997824,30.1936960995954],[119.89944689955485,30.19390339962223],[119.89936979977654,30.19346180012201],[119.8993294004315,30.193147300007922],[119.8987065003048,30.192762800263097],[119.89806129968929,30.19208259983219],[119.8975458001986,30.191904300243323],[119.89690230020108,30.191786499847126],[119.8964289995987,30.19202280031203],[119.89576139956898,30.192670699792984],[119.894708399573,30.193332400270094],[119.89349419969767,30.19355739985417],[119.89259370043897,30.193897699719116],[119.89164929987533,30.195214200175258],[119.89020129965036,30.195616799675634],[119.88978149971649,30.19560429999848],[119.88902750001921,30.195146400286205],[119.88796610035536,30.194351799795754],[119.88759489978486,30.19440750020601],[119.88709459973609,30.194366199740386],[119.88649259985368,30.19387830044326],[119.88590969977292,30.193673100333342],[119.88565600012441,30.192140300334643],[119.88555919979729,30.19154439965439],[119.88544350021743,30.19097610006702],[119.8854077998302,30.190202200171427],[119.88481940039503,30.19001390012147],[119.88423109988537,30.190336999552926],[119.88393950010789,30.190297200055795],[119.88355029960667,30.19019590042052],[119.88299559956738,30.189284499580026],[119.88237559975414,30.189122600028043],[119.88183769994998,30.188978800231496],[119.88163070029668,30.189121000134094],[119.88110339990203,30.189595500432063],[119.8804659001812,30.190101700033495],[119.88001199975406,30.189349099681237],[119.87968120032724,30.18906910025885],[119.8793072001672,30.188890299747584],[119.8788044000031,30.189124699945012],[119.87825840000517,30.18937090014697],[119.87771059956458,30.18896240019467],[119.87742299997149,30.188542200062557],[119.87697950020379,30.189031999627105],[119.87587050032334,30.189775300090105],[119.87537480030687,30.190438399912296],[119.87488359959855,30.190640199685504],[119.8737307002117,30.18998410018611],[119.87210750036093,30.189234099773955],[119.87093810021327,30.188350899874195],[119.86951119988203,30.18772720025015],[119.86910040036321,30.18740319969794],[119.86915270043687,30.187088199560833],[119.86938570038978,30.186757400133956],[119.86967799983984,30.186328900158685],[119.86961019995078,30.185767900368376],[119.86844270007066,30.184980900048572],[119.86802190009064,30.18460720026212],[119.86766239970007,30.184557900326865],[119.86732529962296,30.184759999574396],[119.8670396002974,30.184756399588196],[119.86624819959479,30.184371499645067],[119.86579820042664,30.184108599932017],[119.86544220019744,30.183845600394193],[119.86508090026337,30.183320399916568],[119.8640362001106,30.182720599775905],[119.86362739978472,30.181888600078878],[119.86302060022058,30.181595100033917],[119.8616884002995,30.1821236001241],[119.86030560002348,30.182506499975034],[119.86019529997316,30.183096400378645],[119.85947789998511,30.183565600072427],[119.85900119994551,30.183373200013193],[119.85824970036344,30.183039199899213],[119.85653630031004,30.182853300139755],[119.85621450039889,30.18229109975448],[119.85543550044804,30.181903800420116],[119.85428649962228,30.181326100219394],[119.85388900017733,30.180846700414918],[119.8527642001078,30.179413799807094],[119.85220799999922,30.178608000059228],[119.85173470029622,30.178516399612192],[119.85020159992393,30.178467499875296],[119.84978210036365,30.17834899980653],[119.84896720037602,30.177402900423544],[119.84852280038695,30.176314500413923],[119.84765489975393,30.1759558004199],[119.84667999958242,30.17507690017885],[119.84591710019413,30.174992399879386],[119.8444978998582,30.174901099805936],[119.84336370007475,30.174344200024848],[119.84115369978349,30.17275159960667],[119.8410243997563,30.172289599885175],[119.84064330034812,30.171177300392173],[119.84067039961928,30.17034269985578],[119.84033330044156,30.170057999677],[119.83912330040005,30.169833900314302],[119.83643479962632,30.16862319970096],[119.8358526001175,30.16835610015397],[119.83571679979059,30.16797709976339],[119.8354621999207,30.167277199683042],[119.83503190040199,30.166514499944242],[119.83401169958029,30.16430830018794],[119.83358840038443,30.163382000279114],[119.83267069979297,30.163347299937982],[119.83197639979107,30.162999700275975],[119.83094239977197,30.16223320000222],[119.82917089991713,30.161397999618032],[119.8277657002269,30.161001900417432],[119.8274507000898,30.160643300248182],[119.8274251998132,30.159699799905866],[119.8260380000537,30.157993099801786],[119.82596960031685,30.157318799822804],[119.82642669963252,30.15681630003229],[119.82716010035836,30.15612440032089],[119.82720549993394,30.15561840036895],[119.82718349981872,30.15456300008242],[119.82747459957318,30.153281199967466],[119.82781910017138,30.152590300302165],[119.8284396998323,30.151523500209407],[119.82904450020362,30.150097699749097],[119.82924250034114,30.14923759983543],[119.8293229995569,30.148305400374],[119.82854839998868,30.14746840044637],[119.82762289957725,30.14625790038184],[119.82648199984453,30.145181900224543],[119.82462970040046,30.143332600019505],[119.82366269987381,30.142060499992112],[119.82336769975961,30.141372899939427],[119.82352519982817,30.140728399895806],[119.82368529983682,30.14010229998121],[119.82408950013041,30.139178699837203],[119.8245355998381,30.13883470016134],[119.82526050017202,30.138924599990332],[119.82507920044486,30.138214800172932],[119.82521459967404,30.137709900091863],[119.8238782997438,30.136894900279458],[119.82167000007053,30.135927299905006],[119.81652829984125,30.134143900220863],[119.81460079998703,30.13351260042623],[119.81214510041616,30.133266900247293],[119.81000499993081,30.132921799801295],[119.81009229981987,30.131822900206714],[119.80982029986706,30.13139540027754],[119.80943639996997,30.13066100040487],[119.80949249967921,30.129876699849888],[119.8090366998839,30.12945730011438],[119.80762130008304,30.12847019973998],[119.80715799994175,30.12811230014256],[119.80566310007202,30.127613299614154],[119.80460659991468,30.127380900408298],[119.80268560036018,30.126467700024364],[119.80214530026547,30.125327900162517],[119.80151379992196,30.122913400333232],[119.80021060043896,30.12149820018186],[119.79942660025745,30.120923400294714],[119.79922169962185,30.12048739997357],[119.79918130027681,30.11982249970862],[119.79960949987856,30.118908099629152],[119.79964020003524,30.118246599700853],[119.8002148002729,30.117549000086342],[119.80014410007027,30.117262399640083],[119.80028279981138,30.116813699992292],[119.79977069975803,30.116271999653122],[119.79887190021805,30.115901899852872],[119.79815410003175,30.115101200160325],[119.79730410040395,30.114347099738893],[119.7964437001167,30.113184600089255],[119.79497920003007,30.11279319984635],[119.79315180011554,30.11262489981931],[119.79178210026373,30.11247280017966],[119.79128230023798,30.112276800134282],[119.79077070020776,30.11053520003952],[119.79049660033786,30.110299799795996],[119.78817100029153,30.1099574998388],[119.78660750013603,30.109071799823766],[119.7864989996292,30.108738600106335],[119.78662600008988,30.10746009960394],[119.78629819990203,30.106347599562127],[119.786147799981,30.103208399947732],[119.78548599967917,30.10222219979471],[119.785307299892,30.101667899953668],[119.78527389997055,30.101070599928278],[119.7851476000817,30.100715499920454],[119.7845232997106,30.100357499599],[119.78340750005611,30.100332400419973],[119.78257789975032,30.10076920023846],[119.78085970001518,30.101475200420225],[119.77971949995504,30.101683899792192],[119.77878779961736,30.101419199636382],[119.77828079961932,30.100702000197202],[119.77798020032606,30.099710799813636],[119.7771926001584,30.098884199646136],[119.7771310001956,30.09791190031399],[119.77702769956875,30.096856900225816],[119.77697390032529,30.094997100435876],[119.77629069975603,30.09353990014631],[119.77572550013178,30.0916048001215],[119.7752607997462,30.090629300102194],[119.77553019975892,30.090092699818285],[119.77554359965745,30.089111999918885],[119.77567179981372,30.087512300252513],[119.77581520031129,30.086077899575457],[119.77536730016084,30.085971200410597],[119.77391689964531,30.08588389962233],[119.77327989994751,30.08572290029167],[119.7721940000531,30.085471000186544],[119.77160010036437,30.085696599618416],[119.77130579992274,30.085678599687697],[119.7709373000165,30.08564519976619],[119.77001920012606,30.085109300054228],[119.76942519971328,30.085115499980418],[119.76833710007713,30.084782599737252],[119.76761560007992,30.084883000050468],[119.76723079996157,30.084541499590557],[119.76662710036044,30.084510199586077],[119.76642760015363,30.085768399691972],[119.76629010010811,30.086220800049944],[119.76599309990172,30.086169699671927],[119.76517629964655,30.08570080035173],[119.76398140012157,30.08523350002605],[119.76323870040574,30.085044799777734],[119.76298039982566,30.08509850009574],[119.76268219992369,30.085463800214256],[119.76294489998725,30.086046599570977],[119.76359710002623,30.08654589957365],[119.76430889993583,30.087527899892734],[119.76459240041902,30.088124600070273],[119.76428410023107,30.088255599816137],[119.7627842001308,30.088507900119566],[119.76226519957936,30.08817209956277],[119.76139410005771,30.08805339984457],[119.7606697995717,30.08693689961825],[119.76037419960971,30.086274899666932],[119.7601204999612,30.085766100125454],[119.75995620011861,30.085424800214412],[119.75968229989826,30.085382200228423],[119.75918600003399,30.085459399831507],[119.75855609958444,30.085561400038614],[119.75795170031074,30.08539589960111],[119.7570078995949,30.085400999656486],[119.75675650041228,30.08516539976341],[119.75641399990627,30.084858499819973],[119.75607539976,30.084695399673024],[119.75567309973383,30.08437030014926],[119.75496150037304,30.084537799779696],[119.75443710029197,30.084749799663598],[119.75425059978545,30.08521509989697],[119.75418039960584,30.086033800419614],[119.75371970030403,30.08636950025226],[119.75285119982311,30.086797400379794],[119.75259230029451,30.087387100234537],[119.7524412996263,30.087951100163195],[119.75162009988776,30.08856859986105],[119.75066140010358,30.088624800294326],[119.75014749960746,30.088492299580025],[119.74970409966454,30.088834499712448],[119.74911739994809,30.08910560034326],[119.74886930037792,30.089784799828692],[119.7469768003391,30.091149600173935],[119.7467429001648,30.09105839992526],[119.746319799719,30.090815699884672],[119.74583019980389,30.090746099552916],[119.74560630009069,30.09101119990703],[119.74536150013319,30.091421699951525],[119.74536150013319,30.092281600215756],[119.7444317998877,30.0935521003492],[119.74397450002323,30.09432240025859],[119.7435552001125,30.094196700217594],[119.74314179975431,30.094256700286564],[119.74261760022216,30.094385500290684],[119.74211170009494,30.094513700446953],[119.74152029962215,30.094691500012743],[119.74128760004282,30.094610400049987],[119.74050600015187,30.093905899937397],[119.73993750001569,30.093244499833872],[119.74002289963721,30.092332300395412],[119.73972939959219,30.091027699768574],[119.73951460011881,30.090875199930565],[119.73883799967405,30.090734500097142],[119.73797040031377,30.090831900272008],[119.73715560015091,30.091052500372655],[119.73709910024331,30.090949500119393],[119.7374990998037,30.08950469968221],[119.73740180035281,30.0893153995861],[119.73550499975602,30.089329900254768],[119.73541199996384,30.089139100089426],[119.73597509967112,30.088890200122705],[119.73670829984826,30.08848439993517],[119.7372456996294,30.08766439989222],[119.73725150025655,30.087300199644574],[119.73685259966783,30.08722950034121],[119.73565689974623,30.087108400332454],[119.73467250003591,30.087001899917823],[119.73383590030664,30.087047199668575],[119.73250230014105,30.087370800022427],[119.73219950020678,30.087425600211304],[119.73126500027956,30.086935199899585],[119.73100480033133,30.08681380041662],[119.7305061001764,30.087162499949443],[119.72961909974174,30.087200800276776],[119.7280497000337,30.08730130041471],[119.72687340028722,30.0870706000282],[119.72601080025834,30.087116600350896],[119.72542270029749,30.087264400331833],[119.72479649965885,30.087544499579053],[119.72443869988615,30.087252299953718],[119.72340209992706,30.086101499584572],[119.72257210032228,30.085347200413025],[119.72132270008262,30.084923799593753],[119.72064330004832,30.084730600037233],[119.71949360044937,30.084502799964298],[119.71754039976975,30.084535600037952],[119.71629780020339,30.08506739974075],[119.71453699958295,30.085521800190975],[119.71281540041048,30.08576519990413],[119.71134680031469,30.08645549972158],[119.71081969956958,30.08630809993889],[119.71017330015775,30.086708399872805],[119.70881869992309,30.087300800391688],[119.7080713003503,30.087787800366755],[119.7076871999044,30.088289700309474],[119.70780179961343,30.088903799670675],[119.70852180044085,30.089571299875615],[119.70904750004217,30.090246300426486],[119.70840040005851,30.090916100197944],[119.70696009982885,30.091472300306464],[119.70575059981036,30.091998499930867],[119.70503050005755,30.09184090003754],[119.70388810025565,30.09131370036704],[119.70319390007853,30.091165500187742],[119.70267829986369,30.091053799893018],[119.70205970029497,30.091226100104507],[119.70147959980375,30.0911573001693],[119.70022560043117,30.09068320006969],[119.69971830005954,30.090568600360655],[119.6989753997949,30.090783499658812],[119.69821499962256,30.091705499908926],[119.69801889975247,30.09305779967775],[119.69772710032544,30.093974000199978],[119.69647029956468,30.09543290020821],[119.69655200027466,30.09636759978497],[119.69650809986899,30.097276700159625],[119.69511150039546,30.09819980028061],[119.69489140031794,30.099327800137928],[119.69457299984413,30.09979859972566],[119.69383669970398,30.09959599955579],[119.69286350015045,30.098858200245786],[119.6923035004063,30.098991100259127],[119.69102440005611,30.09944070012824],[119.68985270034193,30.099707100002718],[119.68864619956253,30.100008999715612],[119.68745890020818,30.10044330031809],[119.68659129994865,30.100948700422236],[119.6847644998818,30.10125680006132],[119.68268150005122,30.101292500448608],[119.68200360008609,30.101740899722813],[119.6809162999474,30.10262559969175],[119.68013870024083,30.103513899646828],[119.68009090037481,30.10479640033367],[119.67918310041978,30.10543809988843],[119.6781820002991,30.106295900235637],[119.67784199990842,30.10665529990223],[119.67686549984296,30.106781199592717],[119.67636779973418,30.10757630010619],[119.67570000005503,30.108126499938066],[119.67527939972456,30.108677599991324],[119.67500240044046,30.10916280042295],[119.67462630036357,30.109634500232062],[119.67420210004695,30.109733500300877],[119.67356160018778,30.10971879998266],[119.67323940007827,30.109720100402342],[119.67311250034163,30.110503700385493],[119.67336440044676,30.11123219980624],[119.67408340032875,30.11161099964795],[119.67382039989161,30.11227430001901],[119.67279590031058,30.112469700216536],[119.6728010003659,30.113461000424877],[119.67198830012,30.11401110043198],[119.67108620006809,30.11427150002976],[119.67055860019934,30.115224300261275],[119.66973950037766,30.116036600308917],[119.66957600003241,30.117536299860376],[119.66908719961464,30.11852380043308],[119.66868129960233,30.11915729996946],[119.66811380041167,30.119476400115843],[119.66748249971761,30.12014540038996],[119.6665282003163,30.120484899858297],[119.6658390003696,30.120915800124124],[119.66356320028149,30.12140070018222],[119.66296140004863,30.12140509966565],[119.6618750001312,30.12242240017366],[119.65985760044794,30.122207499976184],[119.65900850014225,30.12324009975083],[119.65787049982373,30.1243829995758],[119.65807080042714,30.125037799554832],[119.65778379978258,30.1260454998],[119.6557311997351,30.127423799868495],[119.65432499999883,30.12808700041478],[119.65336699988723,30.13009040035172],[119.65331590040853,30.131297799553863],[119.65208939960621,30.133153799708168],[119.65123210018135,30.133809699558014],[119.650366500014,30.133994600170695],[119.64970419968915,30.13375919992717],[119.64930809958923,30.133087200414025],[119.64917109956662,30.132432799733976],[119.6487620995913,30.132045500399556],[119.64686550044257,30.131647900230462],[119.64547030031417,30.1315563996082],[119.6450855001957,30.131459899654715],[119.64473829983274,30.130779299924825],[119.64461209976866,30.130123900097942],[119.64374930009024,30.129581699735695],[119.64264679961013,30.129547600141677],[119.64222129977327,30.129469500317214],[119.64130000009504,30.130001499669504],[119.64076840004168,30.130640199985294],[119.64028040002052,30.13069019959306],[119.63945329982994,30.130364400396786],[119.63875660043686,30.130147699756606],[119.63739209956577,30.12918480013849],[119.63581559971021,30.12798329958963],[119.63466239994989,30.12711980023863],[119.63389879998965,30.126749599714287],[119.63335589995484,30.125879699888287],[119.63273270035393,30.125701799598403],[119.63083830004757,30.125613399838585],[119.62980389983022,30.125286499872118],[119.62795420032614,30.12486600026574],[119.62715149964208,30.124335300433813],[119.62623010013908,30.124973300177714],[119.62500630000079,30.12519030029216],[119.62436940012776,30.126144900067118],[119.62294039987967,30.126668200277265],[119.61977190035293,30.127496900361734],[119.61914140005558,30.128194099777943],[119.61740649991009,30.129547000293883],[119.61295859965969,30.12981590028363],[119.61195899960819,30.130997999757938],[119.61110649986517,30.131280099996673],[119.61113379968515,30.131559899769627],[119.61179629965955,30.132106200141095],[119.61203250029973,30.134656100098994],[119.61186010026347,30.135210099566507],[119.61058900028218,30.13590460011727],[119.60990800035404,30.13620000042971],[119.61040819967877,30.13741210038819],[119.61396470001091,30.138463299941407],[119.6124227997725,30.141938800135563],[119.6100999003902,30.14167850036256],[119.60934389970123,30.141095299908216],[119.60873950042765,30.14102599994999],[119.60766429976763,30.141726200403866],[119.60744140010058,30.14308570014498],[119.60611800004574,30.144471999683105],[119.60723999962636,30.14576619965044],[119.60779249992402,30.145695399623037],[119.60802669957263,30.14689459970606],[119.60872239981893,30.147792599748755],[119.60901899982707,30.147924399891167],[119.6093155998351,30.148356400027865],[119.60981530003608,30.149004699707177],[119.60935259974269,30.14989820044167],[119.60819859958576,30.151227300399626],[119.60751599976368,30.152060099593996],[119.60608079958934,30.152120200387003],[119.60532879998425,30.152585499721113],[119.6043794999141,30.15283839987228],[119.60347570014346,30.153043599982198],[119.60344550000991,30.15480930010915],[119.6038356996579,30.155301300314818],[119.60398630012776,30.15583169977316],[119.6046873999037,30.156844300424154],[119.60340549996397,30.157934300327724],[119.60231719977901,30.158045999723186],[119.60216229965044,30.158193299681102],[119.60310760043546,30.159212100258287],[119.60305619968392,30.159718000385453],[119.60143270035894,30.159996599563442],[119.6011650998895,30.16065899971312],[119.60031629995729,30.16154609997261],[119.59893160031322,30.161728399745925],[119.59769690039172,30.161775099741135],[119.59631779992662,30.161640300359636],[119.59329160012726,30.162353899812672],[119.59027449966845,30.16235349961437],[119.58944879972239,30.16210709976292],[119.58879439994166,30.16277829977878],[119.58755829977576,30.16332910035777],[119.58678430005546,30.163792199950137],[119.58647449979844,30.164596299979337],[119.5855821996588,30.16469310030641],[119.58500479983172,30.165008100443515],[119.58329840010117,30.165904499692942],[119.58137989976262,30.166786700445925],[119.58077949977417,30.16665319968547],[119.58010970000271,30.165749599564435],[119.5791941002276,30.16537019987487],[119.57841999978325,30.165549000386136],[119.57819200006077,30.166060499692378],[119.57919090043981,30.16655590023464],[119.57872450033551,30.1675674001155],[119.57775199955518,30.169132099966475],[119.57775220010399,30.171004799631874],[119.5778333000668,30.172305700447794],[119.57794000013098,30.1734298997701],[119.57755429979113,30.174010299735585],[119.57710939977903,30.175554299891076],[119.5781750001762,30.1768243000015],[119.57869420037707,30.176894299632295],[119.57887299998902,30.17750880009112],[119.57973250005489,30.17855460011475],[119.57956550044753,30.179261100319593],[119.57983019970402,30.18011269984129],[119.57870720007725,30.18122500023361],[119.57891240018716,30.181585499771074],[119.57896649980421,30.18261599962875],[119.5806300000745,30.183260399847654],[119.58073420002336,30.18365080004446],[119.58007580005824,30.18491910043616],[119.57910940027864,30.185309800107234],[119.57894289979504,30.186502800264066],[119.57867170023883,30.186709200069572],[119.57876219991567,30.1873038003302],[119.5794025001253,30.187837899599458],[119.57869299978222,30.188587300163817],[119.57912669963753,30.188978099659607],[119.57989720009573,30.188531699578334],[119.58079069993096,30.188644599568647],[119.58186960040177,30.188452099684696],[119.58387029967469,30.18740180035286],[119.58459069980097,30.187846200341937],[119.58449920007808,30.188421799726314],[119.58275619973892,30.188790000158406],[119.5807922998248,30.190061899636987],[119.5804167995957,30.1908223996341],[119.58020309999313,30.191863999823795],[119.57904380013133,30.193250999933753],[119.57738620031296,30.194080100216524],[119.57532740033935,30.194822200084502],[119.57367300030876,30.194919000411574],[119.57282599992004,30.19505639973312],[119.57180930015909,30.195298999948932],[119.57119300015688,30.195702200196422],[119.57137579995322,30.19667129974073],[119.57180959963341,30.196889700099632],[119.57173149980895,30.197212800430464],[119.57095039994101,30.19836679968813],[119.57043639962023,30.199149899648205],[119.56919559959726,30.200089399806018],[119.56853289997343,30.199895300028118],[119.56801100000769,30.19988300000051],[119.56685420026122,30.198747899995624],[119.56625309970082,30.19855700000562],[119.56565180039036,30.19806070014124],[119.5649259000104,30.19746840034645],[119.56371380005191,30.1974589997331],[119.56144920012059,30.197666899607782],[119.56011729967372,30.198015100016903],[119.5596684003765,30.197725899630598],[119.55868899999746,30.1971387997159],[119.55780029984408,30.196533100022577],[119.5574112000669,30.196122299604497],[119.55676889976496,30.195171700013987],[119.55625829978078,30.19431460023867],[119.55517930038445,30.193428300375786],[119.55406840023659,30.192723400064892],[119.55282340037968,30.192603200277517],[119.55185749972395,30.193140500233937],[119.55042319977088,30.1933318004223],[119.54859040032682,30.193408500002306],[119.5481183003194,30.193092399994327],[119.54740319989787,30.192227200025286],[119.54512649958838,30.190464000013662],[119.54461090027291,30.19054590037308],[119.54382799996233,30.19066989979609],[119.54310180010805,30.190417499667944],[119.54276239956516,30.190721500197128],[119.54203740030584,30.191013400348197],[119.54067860023724,30.190903299947365],[119.5404863998275,30.19067659974536],[119.54011570017951,30.18939800031751],[119.53978539987634,30.188585700269925],[119.53916959989715,30.188139999861164],[119.53857470016237,30.187328600034903],[119.53793220021089,30.187000600197564],[119.5370404000945,30.187423199720968],[119.5359398997067,30.187741399645915],[119.53489850006576,30.188319900243243],[119.53364210040263,30.188447999675475],[119.53286149965857,30.188871399595484],[119.53258029964115,30.18863069964715],[119.53188110013275,30.18752050007106],[119.52982330020518,30.180051900275032],[119.52587879996668,30.174201900297533],[119.52250680004886,30.1692538996478],[119.5183408003877,30.16410040031326],[119.51451880040236,30.161001400394355],[119.5091173004231,30.15840340019679],[119.50456229991028,30.156703900064997],[119.49976379985958,30.155467899723817],[119.49442279997231,30.154475899842964],[119.48967729966773,30.154844399749322],[119.48499280037754,30.156814399764812],[119.47985079977468,30.160632899588677],[119.47702029964717,30.1625518999503],[119.47309879957004,30.163814399714852],[119.46858980027912,30.16348439978526],[119.4653622998303,30.162200899951642],[119.46227280034952,30.15724389978618],[119.45896929999321,30.154126899936557],[119.45513929963897,30.150794900064625],[119.45108779986208,30.148620399611787],[119.44544230032193,30.146259399551695],[119.44084929985536,30.14363840009213],[119.4378128001207,30.140283400058934],[119.43472279971752,30.135326399893472],[119.43534829978432,30.13117990023227],[119.43862930000228,30.127183900316822],[119.44409930044242,30.124963899564364],[119.44879930044738,30.123451399962164],[119.45274329976348,30.122878899641535],[119.45588679993591,30.122099399667604],[119.45845779978765,30.120189399721085],[119.4588928000627,30.117425899985335],[119.45263680024823,30.113246899724686],[119.44803580031203,30.110397399620354],[119.44450380021033,30.107745899653594],[119.44040680013381,30.10465239998831],[119.43714880007713,30.102220400251326],[119.43408980020422,30.09818090012851],[119.43956730009086,30.096187399928624],[119.44933329989192,30.09590739960686],[119.45542880039886,30.096418399789343],[119.46209730035014,30.097831900222047],[119.46794880039693,30.09880840028751],[119.47328179991518,30.10003090000606],[119.4768983003164,30.097862899853],[119.47992679968218,30.101217399863174],[119.4783933000108,30.088643900095974],[119.48002579975093,30.08331890004723],[119.48683930009372,30.081516399662178],[119.49344629990685,30.08155040033074],[119.497680800029,30.08165939996138],[119.50157929994475,30.079938899760464],[119.50346379961468,30.073919400060333],[119.50321179968489,30.067502900038846],[119.50401279975097,30.060825399672524],[119.5072408002228,30.055682899945907],[119.50949880002963,30.052635399704002],[119.51109329981603,30.045936400144797],[119.51280230038594,30.042445900158214],[119.51315280036147,30.037847400337284],[119.51323679973859,30.03348539973149],[119.51586130025885,30.02606590022117],[119.52072130044769,30.022023899983026],[119.52352130006796,30.01918989969414],[119.52838130025691,30.0151464002862],[119.53217329975803,30.01090439981823],[119.53498830007004,30.008527899942692],[119.53666680013282,30.004117899821267],[119.53836830035686,30.000400400158412],[119.5389863000778,29.99602139966794],[119.53862779973326,29.993509399838956],[119.53716329964664,29.98988139980679],[119.53649130013343,29.98622890044345],[119.53791029992044,29.982057399629355],[119.54203030015833,29.97941390003149],[119.54624130009597,29.97905939987146],[119.55236830025694,29.98025340007439],[119.56130979980753,29.979532400100254],[119.56944279984543,29.977912900060346],[119.57520280016911,29.976823900202874],[119.58350379986052,29.97313289996339],[119.58812729993497,29.97001239995234],[119.59168230019804,29.966466900127386],[119.59747330015273,29.959180899578882],[119.60427079975761,29.95094690027929],[119.60981730012838,29.94458590011925],[119.61604330035811,29.941873400037423],[119.62167430012892,29.937116400101843],[119.62571730041316,29.932864900095126],[119.62840280014916,29.927505400254063],[119.63172929976747,29.924880899733807],[119.6370468003696,29.926097900098057],[119.64244830034886,29.928916899695196],[119.6488188000476,29.929870399599338],[119.6559373000664,29.92965489955401],[119.66246779994913,29.928077899675372],[119.66793080006642,29.92607690002899],[119.67254629977197,29.922954399925686],[119.67388879962846,29.916717400087975],[119.67440780017989,29.910047400067526],[119.67433929971901,29.901790399707238],[119.67595629964353,29.896465399658496],[119.6789093000242,29.890868899680015],[119.68186929982835,29.88595789983725],[119.68724829966936,29.881892900337107],[119.69262680038662,29.878057399729244],[119.69651779995661,29.876331400174024],[119.7037732999978,29.873124899794334],[119.71027380029568,29.870860899710806],[119.71678180004005,29.86882390020287],[119.72309879996965,29.868398900388968],[119.73049930040247,29.86885839999519],[119.73713679982347,29.87002890001378],[119.7443082995884,29.871183400193843],[119.75198380011238,29.871631400169008],[119.75701880027748,29.872390900120024],[119.7641983004113,29.873773400022458],[119.77192679978202,29.87582590024516],[119.77673330020173,29.876823400379692],[119.77964030025976,29.877191400262973],[119.78698730002395,29.87627240015121],[119.79282380027826,29.876777400056994],[119.80027779958084,29.878606899888553],[119.81005079970475,29.87898640030221],[119.8173523000687,29.87691890028708],[119.82171629986738,29.87425589979],[119.82710280005426,29.87041639989701],[119.82948280009123,29.864375900127754],[119.8305512999026,29.85837540040444],[119.8319702996896,29.854429400096762],[119.83674629960205,29.849000899771738],[119.84367379980608,29.844190400066964],[119.84776280041297,29.84130690019333],[119.85434730008785,29.841325900170204],[119.85938280027608,29.84162340039967],[119.86361630035208,29.842176399821028],[119.86710330017718,29.84344089967783],[119.87322980031513,29.844852400018283],[119.87795229955907,29.84424039967473],[119.879753299875,29.836839400118265],[119.8802718004033,29.830627399634864],[119.8796463003365,29.82215890031307],[119.87935629955359,29.815284899878293],[119.8775482998143,29.81006640024424],[119.87551130030636,29.805541900238552],[119.87249729981056,29.80288490001817],[119.86627979997286,29.799184900263015],[119.86012280022715,29.796628900203643],[119.8544767997646,29.79428690012037],[119.85401930025057,29.78971090043774],[119.85460680036363,29.78487390041022],[119.85724579975397,29.778823900202894],[119.86025229990378,29.775058900148167],[119.86238880040287,29.76948140014656],[119.86889630012422,29.767667900153526],[119.87410730031172,29.766124900044133],[119.88008880005816,29.764324399751274],[119.88561230026755,29.76414689965975],[119.8908237995787,29.765926399883483],[119.89273130030938,29.767469399992876],[119.89562979997538,29.767375900177683],[119.89900980026209,29.76634989962821],[119.9007567998865,29.763999900075362],[119.90429680035709,29.760671400364913],[119.90733330009175,29.75759289959268],[119.90985080017435,29.75498789997164],[119.91396330006626,29.75255940039608],[119.92038730043362,29.748908900225615],[119.92375180000568,29.747422900046843],[119.9287718003784,29.747720900299385],[119.93151830022941,29.750383399874067],[119.9335172997836,29.753989899814087],[119.93495180028538,29.756696899642236],[119.93715680034609,29.75891889958757],[119.94040680003388,29.76087940006431],[119.94432079976514,29.760061400113557],[119.94822680002687,29.759017899656385],[119.95188130038173,29.758209900166833],[119.95507830032341,29.759023399910006],[119.95910679993892,29.760726900226302],[119.9615632999064,29.762710399965044],[119.96560680021378,29.765102399656087],[119.97039029957273,29.76586339967622],[119.97508979955467,29.76479139970337],[119.9805833001792,29.7636949003994],[119.98287179959391,29.762010400059978],[119.98854879968746,29.759300400093423],[119.99291230036238,29.756633900334293],[119.99999979985091,29.7547338999496],[120.00341780009148,29.75639890028907],[120.00729379986899,29.758563900303784],[120.0117187997829,29.760280400320255],[120.01712780010791,29.764085900444],[120.02020279981946,29.766687399903617],[120.02266680013281,29.77179689990703],[120.02404729994305,29.777799399722596],[120.02514630026155,29.784253899697774],[120.02601629991238,29.789783400183808],[120.02603129970475,29.797586400292175],[120.02642880004919,29.809301400039658],[120.02564179972933,29.817085400171152],[120.02564980009822,29.824889900348694],[120.02620679970414,29.831559900369143],[120.02797680038907,29.83389840029099],[120.03012080033477,29.833034400017596],[120.03307329979305,29.831500900346327],[120.03497330017774,29.829940900352312],[120.03900129977023,29.827743399738154],[120.04326630039952,29.82624039967476],[120.0472487996924,29.825421899700984],[120.050941300001,29.82551190025407],[120.05621330030363,29.825639899861528],[120.05882280013213,29.82639290041209],[120.06141680014525,29.827602400430465],[120.06510979957761,29.827695900245658],[120.06907629993134,29.82732940043155],[120.07174679987497,29.82601890025211],[120.0749662999549,29.824489399865968],[120.07763679989841,29.82340790035437],[120.08162680043654,29.822358899643575],[120.0861663002346,29.8206329000883],[120.08937829996864,29.81933190034698],[120.09149180030636,29.819152900186225],[120.09382630004382,29.82035840002021],[120.09607680040403,29.823856400352668],[120.09751130000654,29.82847790033486],[120.09797679988947,29.83055439986572],[120.098700800002,29.832637899719373],[120.09935779972272,29.836787900441323],[120.09921280023059,29.84114239980198],[120.09963229979087,29.84459689992707],[120.09660330040208,29.848426900281254],[120.09390279997433,29.850425899835443],[120.08981330024369,29.854459899704636],[120.08627379979612,29.858045399575587],[120.08235179969586,29.864835899756997],[120.07903280042342,29.86980439955346],[120.07544679963019,29.874309399559195],[120.07322729980012,29.877694900099584],[120.07283030037809,29.881818899622544],[120.07243380007992,29.885942400021804],[120.07260880005617,29.888469899666177],[120.0735323003754,29.89262389967331],[120.07546180032193,29.89817790038984],[120.07692729955534,29.901656899846103],[120.0796128001906,29.90837840044287],[120.08157329976802,29.913015400240567],[120.08479329987097,29.919748399569016],[120.0885468002947,29.925578400422864],[120.09282679981698,29.931876900398663],[120.09739680012228,29.9374963996392],[120.10047129981069,29.94055340031923],[120.10323330037659,29.944982400417473],[120.10260780030978,29.94795039969125],[120.10117329980801,29.951587400138465],[120.10050979978746,29.9554709002619],[120.09908279963156,29.958883400248794],[120.09941879983785,29.964856399603207],[120.09868630023266,29.971036900432637],[120.10015080031928,29.974744899657424],[120.10269179968691,29.97779089983021],[120.10624679994987,29.982005899952355],[120.11010729991199,29.98531140040086],[120.11446380026428,29.98954789971583],[120.11829379971914,29.99377040018385],[120.12227629991139,30.000980399925595],[120.12654179966444,30.007968900244578],[120.12819680044208,30.013974900221513],[120.12927229967693,30.02157389991561],[120.12930280018418,30.02891939961063],[120.12909729970067,30.035341399885738],[120.12917329960817,30.041309399908926],[120.12870779972525,30.047265900301113],[120.12785329988992,30.057342400031814],[120.12536630031457,30.06898890021762],[120.12435130027234,30.075851400122076],[120.12505330026966,30.078851899995243],[120.14047720036262,30.09020299986861]]]}},{"type":"Feature","properties":{"shapeName":"Yuhang District","shapeISO":"","shapeID":"62558664B31818552417757","shapeGroup":"CHN","shapeType":"ADM3"},"geometry":{"type":"Polygon","coordinates":[[[119.68126899966467,30.40917509985104],[119.68707179962394,30.406075300434793],[119.69265500042798,30.40368029970614],[119.69690329974753,30.4025706999779],[119.70266599983609,30.4010532001451],[119.71180250028522,30.395747700096308],[119.71913129956988,30.389772400276115],[119.72429990032026,30.389953399629746],[119.73296019985344,30.395068800085085],[119.73867779984062,30.394445399935307],[119.75192630015874,30.390900900156453],[119.74842359996921,30.382656900395716],[119.75133029965366,30.381010099636455],[119.76341709981932,30.3791220998051],[119.76967850006281,30.376481100322565],[119.77270250012032,30.36852880016403],[119.78117909963578,30.364494999944327],[119.79038709978488,30.35648130037174],[119.79542589958567,30.346119899913504],[119.80155329994489,30.344271599754563],[119.8042049995612,30.337306999818225],[119.80437069964819,30.32822619977935],[119.7995577996528,30.323534899815797],[119.80113169956837,30.315902699849744],[119.79814690005946,30.302011300281322],[119.80057079960284,30.2989426003208],[119.80605620003371,30.29953370042],[119.81543500032501,30.304916700445403],[119.82542620025902,30.308870499673844],[119.83032449987581,30.307299099873603],[119.83204929973544,30.30235799972195],[119.83359809957267,30.29466200005129],[119.83162620018902,30.291033199622518],[119.82787929988979,30.288776000212295],[119.82618580003475,30.28664769973159],[119.82431759967756,30.274785300201472],[119.82503580006221,30.27291790024094],[119.82702480005457,30.271567700389085],[119.8392470003489,30.27485870016892],[119.84142309979632,30.273364199598177],[119.85314759998187,30.275939400183233],[119.85696869974572,30.274058999623207],[119.85727990024725,30.26620149969949],[119.86177930017459,30.258341600384597],[119.86350629977596,30.25077370014617],[119.85304890028658,30.231062700383347],[119.84693930020865,30.227706899953546],[119.84357720002777,30.225549000086346],[119.84208680036556,30.219369900400636],[119.8386762995716,30.213743399937982],[119.83663930006367,30.209447899700876],[119.83409540038247,30.20452409980743],[119.83415979993492,30.200809399734055],[119.8351820997741,30.198653999982184],[119.8361794002592,30.197040900417278],[119.84062440019602,30.193653700158166],[119.84469549979758,30.188930000319317],[119.84582709964104,30.18865100004365],[119.84630429970377,30.188399900335185],[119.84691110016718,30.187636300375004],[119.84738589993935,30.18701979982393],[119.84760890033056,30.186414899627948],[119.84892449966594,30.185879499939006],[119.84884959962938,30.185350300176253],[119.84866030043258,30.185151800015603],[119.84819279955809,30.18485419996142],[119.84768810002583,30.184615199731752],[119.84752940026169,30.18397469987258],[119.84726629999977,30.18278789964188],[119.84804100029203,30.181801499839423],[119.84827400024494,30.180936700068685],[119.8487098998421,30.179842699980668],[119.84901619993775,30.179390199797922],[119.84946479976077,30.178887399633822],[119.84978210036365,30.17834899980653],[119.85020159992393,30.178467499875296],[119.85173470029622,30.178516399612192],[119.85220799999922,30.178608000059228],[119.8527642001078,30.179413799807094],[119.85388900017733,30.180846700414918],[119.85428649962228,30.181326100219394],[119.85543550044804,30.181903800420116],[119.85621450039889,30.18229109975448],[119.85653630031004,30.182853300139755],[119.85824970036344,30.183039199899213],[119.85900119994551,30.183373200013193],[119.85947789998511,30.183565600072427],[119.86019529997316,30.183096400378645],[119.86030560002348,30.182506499975034],[119.8616884002995,30.1821236001241],[119.86302060022058,30.181595100033917],[119.86362739978472,30.181888600078878],[119.8640362001106,30.182720599775905],[119.86508090026337,30.183320399916568],[119.86544220019744,30.183845600394193],[119.86579820042664,30.184108599932017],[119.86624819959479,30.184371499645067],[119.8670396002974,30.184756399588196],[119.86732529962296,30.184759999574396],[119.86766239970007,30.184557900326865],[119.86802190009064,30.18460720026212],[119.86844270007066,30.184980900048572],[119.86961019995078,30.185767900368376],[119.86967799983984,30.186328900158685],[119.86938570038978,30.186757400133956],[119.86915270043687,30.187088199560833],[119.86910040036321,30.18740319969794],[119.86951119988203,30.18772720025015],[119.87093810021327,30.188350899874195],[119.87210750036093,30.189234099773955],[119.8737307002117,30.18998410018611],[119.87488359959855,30.190640199685504],[119.87537480030687,30.190438399912296],[119.87587050032334,30.189775300090105],[119.87697950020379,30.189031999627105],[119.87742299997149,30.188542200062557],[119.87771059956458,30.18896240019467],[119.87825840000517,30.18937090014697],[119.8788044000031,30.189124699945012],[119.8793072001672,30.188890299747584],[119.87968120032724,30.18906910025885],[119.88001199975406,30.189349099681237],[119.8804659001812,30.190101700033495],[119.88110339990203,30.189595500432063],[119.88163070029668,30.189121000134094],[119.88183769994998,30.188978800231496],[119.88237559975414,30.189122600028043],[119.88299559956738,30.189284499580026],[119.88355029960667,30.19019590042052],[119.88393950010789,30.190297200055795],[119.88423109988537,30.190336999552926],[119.88481940039503,30.19001390012147],[119.8854077998302,30.190202200171427],[119.88544350021743,30.19097610006702],[119.88555919979729,30.19154439965439],[119.88565600012441,30.192140300334643],[119.88590969977292,30.193673100333342],[119.88649259985368,30.19387830044326],[119.88709459973609,30.194366199740386],[119.88759489978486,30.19440750020601],[119.88796610035536,30.194351799795754],[119.88902750001921,30.195146400286205],[119.88978149971649,30.19560429999848],[119.89020129965036,30.195616799675634],[119.89164929987533,30.195214200175258],[119.89259370043897,30.193897699719116],[119.89349419969767,30.19355739985417],[119.894708399573,30.193332400270094],[119.89576139956898,30.192670699792984],[119.8964289995987,30.19202280031203],[119.89690230020108,30.191786499847126],[119.8975458001986,30.191904300243323],[119.89806129968929,30.19208259983219],[119.8987065003048,30.192762800263097],[119.8993294004315,30.193147300007922],[119.89936979977654,30.19346180012201],[119.89944689955485,30.19390339962223],[119.9002318997824,30.1936960995954],[119.90192860032471,30.193544699628262],[119.90320259972032,30.193166999657365],[119.90367309983378,30.19282049986623],[119.9046305000976,30.192830299778564],[119.90526580007668,30.193017499957705],[119.90605860012431,30.1935727998449],[119.90650159986899,30.193776200411378],[119.90764120008134,30.19375980037455],[119.90883749985085,30.19391900016177],[119.90936020021309,30.19379249972411],[119.91045930035648,30.193313500117995],[119.91079250007385,30.193078699722264],[119.91164439996919,30.193343700251603],[119.9120591996724,30.193527699743584],[119.91240110033061,30.193670700042844],[119.91369020024263,30.194518999951924],[119.9148243002013,30.19510630041549],[119.91498629957812,30.195333200267044],[119.91515769956823,30.195753600048647],[119.91554170018935,30.19586299987759],[119.91587149957013,30.19563440030737],[119.91647620011656,30.19509389966379],[119.91698809962111,30.194373399712674],[119.91737379996096,30.193904100194118],[119.91700060019764,30.193382100403653],[119.9169184003639,30.193064399602406],[119.91986639961476,30.193060699791488],[119.92088809960615,30.192938800285447],[119.92155349989412,30.192673199908313],[119.92162859958023,30.192017899906205],[119.92216379961974,30.191756299713518],[119.92296519988417,30.191505600203357],[119.92367580009818,30.19118419959119],[119.92466570006206,30.19147289995442],[119.92516109970506,30.191304400277886],[119.92517610039681,30.191106800338616],[119.92558739993865,30.190417300018453],[119.92610629976593,30.189758800228503],[119.92760769993549,30.18913370036006],[119.92870759957611,30.188945699784256],[119.9288105000046,30.18867779984066],[119.92804149961557,30.187384699744143],[119.92739939986245,30.18683919976928],[119.92714749975733,30.18620370014071],[119.92751870032782,30.185452400208135],[119.92774579982881,30.18460279987937],[119.92818940032066,30.18382839996076],[119.92861700007461,30.18333000017941],[119.92982509984859,30.183490600211087],[119.93074590040305,30.18324580025353],[119.93125489959402,30.18284789971085],[119.93136309972738,30.18244950004447],[119.93180079976719,30.18144989999297],[119.93229680015725,30.180872000142756],[119.93231249962218,30.18043509960023],[119.9328189995972,30.17997629966652],[119.93288790025645,30.17970510011031],[119.93166069978156,30.179456100318816],[119.93181619975792,30.17922990013983],[119.9326280996072,30.17852819961678],[119.93318059990486,30.17819189993628],[119.93358020016615,30.17788640023724],[119.9333877002822,30.177562700058616],[119.93260129981024,30.177269500387183],[119.9320567000567,30.1769365003193],[119.93148929979145,30.176750099637445],[119.93071880023251,30.17682980025512],[119.93028530002664,30.176494100422474],[119.92981200032364,30.17599299997704],[119.92982740031437,30.1756471000337],[119.93004839971388,30.174957200414497],[119.92983730005142,30.174556500282335],[119.93021669974098,30.173591499847873],[119.93007950006893,30.172671700238823],[119.92991170006496,30.172211900259015],[119.92971779993661,30.170860599637024],[119.92914640038612,30.16914719958362],[119.9294770001635,30.16842060043041],[119.92952179989118,30.167676899769162],[119.92965129956792,30.16699060013616],[119.9297682995674,30.166303500106494],[119.9301524000133,30.165326199644426],[119.93061350041273,30.164051800050572],[119.93136609986573,30.16302669972248],[119.9317729000993,30.162109300403927],[119.9336715002396,30.1621208998597],[119.93496670025309,30.161960500376836],[119.93643259968474,30.16195280038147],[119.93725149985687,30.16261359973788],[119.93793409967907,30.163016999634863],[119.93830359963147,30.16309520018342],[119.93844919987077,30.16345059966551],[119.93920960004311,30.16418479988863],[119.9396637001197,30.16478490040288],[119.93993770016482,30.166159300111644],[119.94053490036538,30.166867900233456],[119.94110749961146,30.167820099717858],[119.9415141001956,30.168130900021083],[119.94310270042934,30.168579599668817],[119.94352329986043,30.168779699723416],[119.94408390035176,30.168748299894162],[119.94556240018471,30.169220200252084],[119.94629210020037,30.169635099780066],[119.94712640036312,30.1699043001434],[119.94735969979035,30.170499199878236],[119.94802419985695,30.17090190010265],[119.9484778997354,30.17158859993401],[119.95013169991807,30.172032499900013],[119.95140689990853,30.172340600438417],[119.95262970000067,30.17260550024372],[119.95331809955076,30.17244709995373],[119.95448610035328,30.172233199802406],[119.95499100043435,30.172169099724215],[119.95500259989012,30.172361200309183],[119.95478690019536,30.172918199915046],[119.95514949964979,30.173319800268644],[119.955530699782,30.173362099881047],[119.95605690030573,30.17415940013626],[119.95619529967337,30.174397400319833],[119.95591349980828,30.175100099989663],[119.95624249969171,30.175348699582855],[119.95754439965435,30.17501530021599],[119.95887970043793,30.174985799754893],[119.95941310003457,30.17515049979579],[119.95961520018136,30.17554409978044],[119.9605995000669,30.17576600030071],[119.96154990000798,30.176229799565647],[119.9621902002176,30.17678060014464],[119.96237149994488,30.17705339959474],[119.96270319959308,30.1770906000512],[119.96392300044613,30.176944200314665],[119.96475540034146,30.17747790028494],[119.96518150002623,30.17814750040685],[119.96545059966547,30.178547099768878],[119.96563839969247,30.178615000382024],[119.96644420033965,30.1783510997235],[119.96713939966367,30.17819509972412],[119.96775349992413,30.178058099701616],[119.9683764998756,30.177983599863296],[119.96865269966247,30.178130999645987],[119.96929890032402,30.17821580031898],[119.97081420041513,30.178050500430288],[119.97165330025962,30.178196199594993],[119.97256890003473,30.17838670028607],[119.97361910044117,30.178089000407113],[119.97454879978739,30.177675900422514],[119.97554269993566,30.177269899686166],[119.97660659971484,30.17651289985048],[119.97748359968841,30.176545600099416],[119.9782220995703,30.176999200153034],[119.97881419971566,30.177987699872517],[119.97920869992163,30.17799110020917],[119.97989989996051,30.177539799722013],[119.98081189974948,30.176981300047032],[119.9812888003379,30.17641930021057],[119.98186310020196,30.176557099730417],[119.98220080012686,30.17673390014943],[119.98324410003522,30.17724750027196],[119.98424789992066,30.17768039973072],[119.98500539977942,30.178196199594993],[119.98579729960579,30.178682300248],[119.9856754000997,30.178907299832076],[119.98527589966307,30.179168099628157],[119.98493099976588,30.179349900277714],[119.98426349956094,30.179597800198394],[119.98268499961307,30.180678100014347],[119.98201610006299,30.18101200030361],[119.98140139995473,30.181335499933425],[119.98100119984554,30.181884000046637],[119.98100889984096,30.18224179981928],[119.98072590028016,30.18281459961412],[119.9806323995656,30.18310339980212],[119.98114349957291,30.183321399962665],[119.9816230999262,30.183108099659137],[119.98207939974452,30.182814899987704],[119.98281529968642,30.182713299978843],[119.98349390022338,30.18275570031534],[119.98383780007453,30.182811999674072],[119.98500439973327,30.182368900104734],[119.9857929001223,30.182020699695613],[119.9861022003563,30.18211649997653],[119.9864155997002,30.18232299960681],[119.9867243000864,30.18275199960516],[119.98698299996556,30.183079000295663],[119.98714250012631,30.183349699828852],[119.98765000014748,30.18388909970224],[119.98823350007603,30.18436679978805],[119.98826509955472,30.184931899587525],[119.98878360008314,30.185014200145247],[119.98937039962425,30.185010299785574],[119.99211819989512,30.185611000147617],[119.99325449959554,30.18619650016842],[119.99308930043094,30.1867131004293],[119.99388359964848,30.187524000232486],[119.99442320007074,30.1884510996386],[119.99578920011152,30.190194400351345],[119.99673719976204,30.190887599583107],[119.99676789991872,30.191347199913423],[119.99723999992614,30.191688700373277],[119.99826649959937,30.192968799870243],[119.99945579994528,30.193559399946423],[119.9998831002249,30.19403650018438],[120.00075839958049,30.194741399595955],[120.00124979993836,30.19536440044675],[120.00181959959491,30.19559600015532],[120.00270290021876,30.195897800043497],[120.0033048002764,30.195944400213932],[120.00435160034613,30.196526700446896],[120.00541020042044,30.19707530038488],[120.00557750040139,30.1973002999689],[120.00601330017378,30.197675099626224],[120.00571100026252,30.197916699795883],[120.0050491999607,30.198742100267737],[120.00454460025321,30.19990049990821],[120.00397059986335,30.20083659972937],[120.00359780029828,30.20180339970716],[120.00314289982498,30.202822800132196],[120.0032678003688,30.203640100410382],[120.00302460030514,30.204531500328528],[120.00294079967819,30.205599000093855],[120.00271179990966,30.205802999608807],[120.00199170015685,30.206412300187537],[120.00156689999255,30.206970799862574],[120.00096590015619,30.208194600000866],[120.00077889962654,30.20906210043563],[120.00052489960444,30.21012769993348],[120.00066420009284,30.210379699863324],[120.00117919956051,30.210120099762833],[120.00140450041738,30.2100459002981],[120.00198390033677,30.2100459002981],[120.0021750998011,30.20994399991571],[120.00292910039775,30.209868199657762],[120.0037551996428,30.20960859955727],[120.00459199992088,30.20948810029563],[120.00525719966015,30.209478800406373],[120.00547180038336,30.209562299760364],[120.00556840016156,30.209673500032068],[120.00552539997727,30.209812599971542],[120.00538599966421,30.20998879964344],[120.00488170033032,30.21118479993862],[120.0048172998786,30.21154640024622],[120.00496750015009,30.212037799704717],[120.00525719966015,30.212195399598045],[120.00556840016156,30.212195399598045],[120.0062443000345,30.21212120013331],[120.0064695999921,30.21217689964425],[120.00660910012994,30.21229739980521],[120.00679139990325,30.212584799748754],[120.00694160017474,30.21266830000212],[120.00747809973461,30.212445699809223],[120.0076067999139,30.212334500436896],[120.0084329998831,30.21204709959403],[120.00872259956839,30.21212120013331],[120.00889429993208,30.212241800119045],[120.00884070033806,30.212686799955918],[120.00887279983988,30.212844399849246],[120.00911959988969,30.213085499995884],[120.00939860016535,30.213178200313735],[120.0095701998049,30.21318750020305],[120.00984920008057,30.213178200313735],[120.01008520017194,30.213363600050172],[120.01058950040522,30.21394769982652],[120.01101779983162,30.214386899935562],[120.01141480015292,30.214396100000044],[120.01185460010981,30.21431269957145],[120.01223020016369,30.21412729983507],[120.0126808000789,30.214229300042234],[120.01303470039113,30.215194099927828],[120.01333519985963,30.2157219003455],[120.01352829959137,30.21623300035276],[120.01306610022039,30.21669829968681],[120.0125243000565,30.216716799640665],[120.01206290018274,30.21687910029027],[120.0118798998376,30.217015100266735],[120.01101419984548,30.216094500261022],[120.00971649971677,30.21765879991375],[120.00766810040261,30.21884889975695],[120.00765969983536,30.219678099864495],[120.00749459959616,30.2202825000374],[120.00641439960486,30.22067760009122],[120.00613690029775,30.22157310001859],[120.00570960001812,30.222429799595602],[120.00538959965036,30.223430299868483],[120.00495189961055,30.224202400220634],[120.00444779992608,30.22477150020461],[120.00453039995807,30.225181100027783],[120.0054639996639,30.225566300344553],[120.00592970009563,30.22547050006358],[120.00658769986251,30.225195999995435],[120.00690379987054,30.224115700179482],[120.00714049963437,30.22309229957],[120.00708899995743,30.222334199863496],[120.00725989992452,30.222109300104194],[120.007705700158,30.22217380038063],[120.00845099981382,30.222219899628726],[120.0083243995515,30.22129769972912],[120.0083728001647,30.22022519973325],[120.00865789964246,30.22014039995952],[120.00926139959392,30.221816899930047],[120.00986059988679,30.221852299943748],[120.01074829999413,30.22151190025403],[120.01196540018316,30.220826099744784],[120.01291890008724,30.219848300158958],[120.01313550000339,30.219320499741343],[120.01366519978922,30.21893990035619],[120.01397580044295,30.219167999903334],[120.0146017996334,30.21905030023123],[120.01483259984468,30.22014309972434],[120.01530910023484,30.220738500381515],[120.01544050017901,30.22109330001581],[120.01532269978281,30.221441799899196],[120.01418449981486,30.22189509957923],[120.01387349986214,30.223219600404263],[120.01335519988265,30.223691800236452],[120.01249669986282,30.22500150001929],[120.01213949993803,30.225830600302004],[120.01171119961225,30.22673709983735],[120.01126550010281,30.227269199913678],[120.01134030031471,30.227588700258366],[120.01230100019109,30.22764019993531],[120.0130913001235,30.22786120023426],[120.01371959977973,30.228325399697496],[120.0137216996967,30.22877339967272],[120.01512159968217,30.229046299846914],[120.0158656996424,30.228557000305386],[120.01641459995392,30.22920789992469],[120.01789190009117,30.229562200435225],[120.018495800241,30.229330599827392],[120.01933680035313,30.229798599825585],[120.01977040038378,30.230202300096096],[120.02048449985989,30.23034659991572],[120.02144869989763,30.229848299959144],[120.02270499973599,30.229291599827548],[120.02390279957456,30.229171900063193],[120.02452530040239,30.229698900084202],[120.02428869956384,30.23032800013715],[120.0244854001811,30.23047680016424],[120.02544119965171,30.23066079965622],[120.02700829979324,30.231247400447216],[120.02794799960054,30.231345399570557],[120.02861349971329,30.23148679997587],[120.02955890032308,30.232206299880886],[120.03039480037978,30.232720800224797],[120.03087249956627,30.233350199751953],[120.03132020006728,30.234134000283916],[120.03255480016401,30.234509399789033],[120.03328729976909,30.235172299961732],[120.0336905998414,30.235360400362254],[120.03401470021834,30.235665200388723],[120.03425669968703,30.23614369997182],[120.03440999992165,30.236299699971255],[120.0346443002943,30.236365700316867],[120.03546859999597,30.23631800027556],[120.0357024003456,30.236371900243057],[120.03585249989305,30.236426499883123],[120.03596050037686,30.236671700038983],[120.03614599993796,30.23701170042966],[120.03631120000193,30.23727760028106],[120.03617860036218,30.23742690033123],[120.03580389963031,30.23765020019664],[120.03558219965885,30.238012799651017],[120.03601180040437,30.238577699801056],[120.03623179975784,30.23884709981388],[120.03581120032675,30.239047900440312],[120.03570479973678,30.239332599719773],[120.03529080043018,30.23929640020873],[120.03516680010785,30.23934189960903],[120.03465100024357,30.239570400253797],[120.03447009981528,30.23991559962525],[120.03482600021982,30.24058249998245],[120.03571540004577,30.240794200392088],[120.03618540013622,30.241076299731503],[120.0365010999459,30.2410947996853],[120.03799790008304,30.240891099644557],[120.03837049999868,30.240622300378902],[120.03821519967175,30.240319100246325],[120.03802619994929,30.24014370007177],[120.03809730035016,30.240056199633955],[120.03845000006754,30.240104100224073],[120.03891619962303,30.239902699749848],[120.03910920042927,30.239984199910964],[120.03936039996256,30.240337500375404],[120.03986730013582,30.240622900226697],[120.04059910006845,30.240886299962824],[120.04099189965655,30.24104399968087],[120.04124360011213,30.241350799799648],[120.04073820000804,30.24135630005327],[120.0406021002068,30.241351100173176],[120.04055099982884,30.24201389962184],[120.03968699955544,30.24281310014453],[120.03928569957543,30.24297139971037],[120.03921250015685,30.24342360041885],[120.04125149975698,30.24370969994277],[120.04087079964779,30.244732200330816],[120.04133700010254,30.245582699981696],[120.04343709964246,30.246003499961603],[120.0439346001018,30.244311500175627],[120.04531059970452,30.24451100038243],[120.04515809986651,30.24523189963253],[120.04586879990529,30.245416700420435],[120.04612699976133,30.24545270028193],[120.04656690044214,30.24557320044289],[120.04712099973437,30.245690900114994],[120.04762849975555,30.246824400225933],[120.04789560020185,30.247683199719916],[120.04893759969059,30.247595399807892],[120.05058439955042,30.247745100056363],[120.050324400151,30.248810400079947],[120.05088220015352,30.24886580011662],[120.05068620010809,30.249714600048833],[120.05072589978056,30.250202400420505],[120.05128629972296,30.25023359970089],[120.05119880018458,30.25076740039526],[120.05108719971452,30.251028399840834],[120.05084089968784,30.25134409965051],[120.0506236999239,30.2531779000401],[120.05062350027436,30.253927199880422],[120.05401369977244,30.255231900331978],[120.05384529992068,30.255674300228804],[120.05382849968555,30.256177800065473],[120.05353329992192,30.256542799810404],[120.05318050037988,30.257088199960492],[120.0532417999691,30.257249200190472],[120.0539438997912,30.257409499848563],[120.05442679975704,30.25789580015112],[120.05461440013448,30.258062000261134],[120.05438240022761,30.25857449961353],[120.05421189955962,30.258701099875907],[120.05396339979109,30.258775400064735],[120.05352030022175,30.259197299915513],[120.0531211001587,30.259954899598995],[120.05230579997271,30.259759199927203],[120.05212229960455,30.26021809968563],[120.0519495002693,30.26083250031968],[120.05172830032086,30.261032399825467],[120.05154439975433,30.261052100374172],[120.05152949978662,30.261383700197655],[120.05146550043253,30.261543700381537],[120.05144200024813,30.261718200334712],[120.05146439966234,30.262196100070014],[120.0516442002197,30.262311600000373],[120.0512707000828,30.263767200396046],[120.05114690030928,30.263923599694408],[120.05124889961712,30.26449009973834],[120.05183200024669,30.264811299801693],[120.05204319973393,30.264959599805763],[120.05182959995614,30.265846200042176],[120.05289940018724,30.266152699787312],[120.05281870042279,30.266433299956873],[120.05186840030649,30.2661823998979],[120.05175229962902,30.26635930014163],[120.05180159956421,30.26655139982728],[120.05198540030608,30.266841999558665],[120.05229130020336,30.267342199782718],[120.05231469966373,30.26747800010969],[120.05234449959903,30.267709400168712],[120.05247970007815,30.267784099656524],[120.05259839979635,30.26780259961032],[120.05292910029777,30.267778299928636],[120.05306479990065,30.267836999577924],[120.05307910002057,30.268585300271468],[120.05298229969344,30.269370799622777],[120.0526142998101,30.27033649972975],[120.05246849992136,30.270611700369727],[120.05246399971384,30.27076279996328],[120.05254409963061,30.270844099575584],[120.05307140002515,30.270991299708783],[120.05396299959284,30.271218199560337],[120.05419760033908,30.271342899555236],[120.05437320016313,30.271601499609574],[120.05449900002884,30.27199420027216],[120.05452989983507,30.27218579993479],[120.05467750016658,30.273382699551973],[120.05473259982966,30.27368629988291],[120.05470610040629,30.274266600023623],[120.05451299977517,30.274286100023573],[120.05407960029333,30.27406149973848],[120.05222179969633,30.273956000269266],[120.05154720024314,30.273829400006832],[120.05077619976191,30.273658699689292],[120.05061030002537,30.274198200286776],[120.05045360035342,30.27453619968594],[120.05020669957958,30.274817700076824],[120.04873620011563,30.27433089975125],[120.04854099956754,30.274386899635772],[120.04849350007498,30.274476599815273],[120.04836210013093,30.275189799969326],[120.04823709976245,30.275385899839478],[120.04661919961643,30.275094800085014],[120.04592059995582,30.27528880003814],[120.04592450031555,30.27550690002346],[120.04644519968633,30.275809899607225],[120.04628809981602,30.27606160006286],[120.04580739959192,30.276242499591717],[120.04529669978297,30.276383499798726],[120.04500209986713,30.276658599714665],[120.04494540030998,30.277647800006037],[120.04530300043314,30.27935969999021],[120.04554239996185,30.28004970033345],[120.04575909970276,30.280433399681726],[120.04625500026816,30.281337200351572],[120.04711109999732,30.283271300330284],[120.0474549000237,30.28401040005997],[120.04832779998799,30.28588769975761],[120.04864249975162,30.28640639993546],[120.04900169976872,30.286805000150707],[120.04979270027297,30.287458800083584],[120.05050479965689,30.288123399975007],[120.05165150001676,30.28957629970654],[120.0520398002966,30.290690799840604],[120.0521198003886,30.29146989961623],[120.0515072001972,30.291249699713944],[120.0511999000554,30.291161999626638],[120.05065399988223,30.291095599981986],[120.04998899979262,30.291230599912296],[120.04884149993529,30.29165189991528],[120.0482139997763,30.291696699643012],[120.04746679985294,30.29162479974474],[120.04667130004054,30.291384499994706],[120.0464931002764,30.291392100165353],[120.04642829962643,30.29285679990147],[120.04693090014098,30.29301279990085],[120.04694110025162,30.294153800357662],[120.04710990030173,30.29448990038867],[120.04733830022246,30.294838199723188],[120.04838980014927,30.296405899712568],[120.05080599969722,30.30005580003518],[120.04886969997676,30.3009579000871],[120.04829730038023,30.30145910035725],[120.0474133000838,30.301651799890692],[120.0469325998597,30.301933400106407],[120.04601419959567,30.302926400033414],[120.04440649956041,30.30451490044237],[120.0435765997803,30.30529770002886],[120.0423464998911,30.305700500078046],[120.04107389984063,30.30587700012353],[120.04107549973457,30.305284599604647],[120.04150890011567,30.305102000357067],[120.04147860015735,30.30395699971581],[120.0409082995784,30.30376990026076],[120.04066940007283,30.303180300230736],[120.03957809974952,30.303974299974016],[120.0388543001859,30.304639200238967],[120.0377340003239,30.304645300340383],[120.03736260010396,30.30473019993883],[120.03728879993821,30.30497959992863],[120.03729980044545,30.305507299622207],[120.03616130010403,30.305194699775598],[120.03591230031248,30.30534530024545],[120.03566950044717,30.305588799783322],[120.03527090023192,30.30549200035557],[120.03513719982197,30.30566429966774],[120.0329248999642,30.304846299716985],[120.02701129993159,30.302659599960634],[120.02606719974153,30.3021705000686],[120.02564029966015,30.30253230002569],[120.02549880032939,30.302782500412093],[120.02550939973912,30.303020499696345],[120.0254962003894,30.303362000156255],[120.02492129977827,30.304449099746193],[120.02437059992326,30.30514589986342],[120.0233631002269,30.306829400156744],[120.02275989974964,30.307525600426175],[120.02202230008913,30.307844199650162],[120.02171170033478,30.30813180014252],[120.02149609956541,30.308447900150497],[120.02141379990701,30.30906899983455],[120.021247599797,30.309470500363375],[120.02131649955686,30.309836000131327],[120.02194959979431,30.31081410009068],[120.02139339968573,30.311002800338997],[120.02113700027246,30.311241199821552],[120.02093259965977,30.311489699590027],[120.01962459959566,30.31171689981511],[120.01923680023822,30.311742499916477],[120.01862670016214,30.311628199681707],[120.01778689974572,30.311286000448604],[120.01768350019347,30.311003099813263],[120.01735439958588,30.310941599675118],[120.017016300362,30.31115129999256],[120.01652719957065,30.312726699977247],[120.01729400021804,30.312921100128733],[120.01696689970277,30.313834000139025],[120.0168174000031,30.314010199810923],[120.01676969996174,30.31418069957965],[120.01708079973923,30.314273999745353],[120.01692159995196,30.314862499904507],[120.01671239965754,30.3148337000153],[120.01664509979162,30.315212599681786],[120.01688660013656,30.315479499579283],[120.01786610034037,30.31574729969816],[120.01753809960371,30.316486199778353],[120.01606359995526,30.316899699961255],[120.01572930036696,30.317956600316904],[120.01536999962582,30.317995899791015],[120.01544069982845,30.31855769997793],[120.0166218999808,30.318150999569013],[120.01771339995355,30.318042900159753],[120.01857049972887,30.318259000052876],[120.01901699963491,30.31851750028244],[120.01916269969888,30.318997999957787],[120.01920929986932,30.31994780005101],[120.01888320029957,30.321482299768377],[120.01860660031446,30.322339299718976],[120.01890440001807,30.322803000058457],[120.02010610021637,30.324238300057573],[120.02032410037702,30.3251614001785],[120.02044580023357,30.325441000301964],[120.0170955000574,30.3255910000247],[120.01703020028356,30.32588619978833],[120.01697559974423,30.32715760014321],[120.01667570012353,30.327182300023196],[120.01671470012343,30.328110600024218],[120.0165674001654,30.32868239977296],[120.01669980015572,30.32999570044126],[120.01599930022758,30.33002560020134],[120.0161164998766,30.330634100383463],[120.01483400008908,30.330788600313724],[120.0151788001616,30.33207029970464],[120.01391020029553,30.3320799997922],[120.01382989983006,30.333523900008004],[120.01317030016924,30.33348509965765],[120.01300899956573,30.33484350042727],[120.01734859985811,30.33527820032873],[120.02032940008178,30.33545599989452],[120.02129529983824,30.33543320028201],[120.0219125998866,30.335912199888185],[120.02209329976608,30.336448599623225],[120.02239919966337,30.339038999650143],[120.02228810011582,30.339843700426457],[120.0215267997221,30.341274100019746],[120.02104789994064,30.34403640005985],[120.02080040021838,30.34476550022771],[120.02075980032464,30.34507409988987],[120.02101469966874,30.345755500016367],[120.02112689998648,30.34672420026169],[120.02126759981991,30.347474099949807],[120.02127860032715,30.347748099994874],[120.02067639989605,30.348428199701686],[120.0195473001678,30.34938810008083],[120.01908989957928,30.350324100077216],[120.01891870013799,30.350883099775274],[120.01911349958834,30.35085210014438],[120.01959689957732,30.35065410000675],[120.01976380025928,30.35059059977641],[120.01999060028606,30.35058410037601],[120.0201599003592,30.350809900356694],[120.02145499964854,30.350963000042498],[120.02248210006894,30.35127030018424],[120.02297310022846,30.351839199619405],[120.02595379972809,30.352769800086264],[120.02616380041911,30.352524900303933],[120.02725190005526,30.353289600134985],[120.02817269971035,30.354172999684238],[120.02832120026324,30.35418119970268],[120.03015849991493,30.35304430015435],[120.03059999959032,30.35368830017495],[120.03148719967464,30.35336679973807],[120.0321033000273,30.35325770028271],[120.03211529968144,30.353641600179742],[120.03253780027933,30.35387419993441],[120.0338660000159,30.353995499592656],[120.03402440030584,30.353915399675998],[120.0340873996139,30.353358400070135],[120.03416899959973,30.353292399724523],[120.03551949982511,30.353461000125094],[120.0354590995579,30.353635099880023],[120.0359632999664,30.353770300359145],[120.03604859976315,30.353581399562017],[120.03685960029043,30.353754900368415],[120.03793799983885,30.353988599993954],[120.0379868995758,30.353866300289553],[120.03791019999585,30.353460299553205],[120.03825950027579,30.3522592999268],[120.0386183999193,30.352337399751264],[120.03943170001298,30.35242209970022],[120.03983149992382,30.35240170037821],[120.03986039963775,30.353021600366617],[120.04009670010271,30.353252600227393],[120.03996260039378,30.354295599762168],[120.04176230028997,30.354571900273015],[120.0415942997372,30.355768700065482],[120.04174700012402,30.356313899666816],[120.0431855997357,30.356008800166023],[120.04381750027744,30.35585630032807],[120.04413050032235,30.35501730030819],[120.04461419978554,30.35377550023918],[120.04487780007048,30.35265559967621],[120.04511130004653,30.35249799978294],[120.0452908002303,30.352003700010812],[120.04638690023535,30.35224919964088],[120.04663880034047,30.352388199755637],[120.04767989960772,30.35261280004073],[120.04893199961214,30.35302659969784],[120.04915500000334,30.353653500009045],[120.05040169957886,30.35371519979668],[120.05247999955236,30.35346129959936],[120.05352240013872,30.35353859992648],[120.05469259978372,30.353842100432644],[120.05562630021359,30.353775900437483],[120.05593439985273,30.353898600340187],[120.05597799988482,30.355552699997133],[120.05698200031907,30.35560790038437],[120.05768539966152,30.355232699629425],[120.05851030011036,30.354680899903656],[120.05881729987857,30.354311099577615],[120.05961660022604,30.3547359995668],[120.06005149977693,30.35485189969546],[120.06046080012584,30.35490159982902],[120.06056950028233,30.355138900340023],[120.06040320034754,30.35551960044927],[120.0601601999333,30.35726329956168],[120.06031369981747,30.357539199874225],[120.06255490028843,30.357606999763277],[120.06261860016832,30.35647139973537],[120.06286449999675,30.355818099825512],[120.06297799983486,30.355148300054054],[120.06328670022106,30.355088200160367],[120.06332899983352,30.354641100406525],[120.06452559997649,30.354338400296967],[120.06447360027653,30.35386130005901],[120.06426160039257,30.353534599742034],[120.06409020040246,30.352637300271226],[120.06471340000348,30.35257690000401],[120.06569169961233,30.35237980008776],[120.0661913998133,30.352334399612914],[120.06750149979439,30.352456999690844],[120.06819989980556,30.35254500015168],[120.06830020029406,30.35244860002291],[120.06873280027855,30.351916199572997],[120.06860779991007,30.350862200430242],[120.06991069991898,30.35075160000639],[120.07058969975492,30.35122360018903],[120.07207240032108,30.35119780043817],[120.07158140016156,30.350227600123674],[120.07153019995883,30.34996819967273],[120.07012970012568,30.347352400093257],[120.07099790023301,30.346787999966296],[120.07069820026175,30.34626929978839],[120.07204179998917,30.345902700149566],[120.07197839958349,30.345735800366924],[120.07317010022007,30.345439499833105],[120.07336470002099,30.345174600027804],[120.07332090033935,30.344069799981355],[120.07356210031071,30.343829199857737],[120.075350699875,30.343841400060626],[120.07545580004523,30.34252009992275],[120.07626879976533,30.34253649995958],[120.07665319968544,30.34094579980888],[120.07792130042776,30.34092670000723],[120.07910220020642,30.341397700143773],[120.08005720017968,30.33952460028013],[120.07825669988688,30.33887340028724],[120.07674840011862,30.338202200271382],[120.07813359978582,30.336451599761574],[120.07891070036862,30.335518900277066],[120.07971020036553,30.334574200239217],[120.08053219960141,30.333689899569265],[120.08146570038184,30.33411230034244],[120.08120000017993,30.33439179974181],[120.082435399774,30.33557209967273],[120.08529989967064,30.336730600037185],[120.08654639959673,30.335501099995838],[120.09135290001643,30.33753410021859],[120.09153259984964,30.339087199714527],[120.0935579999018,30.34041469977865],[120.09377149985494,30.341011399956187],[120.09291649999659,30.342415099577238],[120.0927060001818,30.342760600221595],[120.09489999973528,30.343380799684212],[120.09736850025615,30.34385510033269],[120.09751790013104,30.34388850025414],[120.0977100996414,30.343440299730105],[120.0986213997578,30.34367019972001],[120.09879949969718,30.34297830000861],[120.09899389984867,30.341852700441848],[120.10006010009363,30.34224209969318],[120.10045060011521,30.342441800448796],[120.10086909962934,30.34391720031857],[120.10110640014034,30.344208999745604],[120.10160050026298,30.34454030009482],[120.10216950042218,30.344807000342826],[120.10278769979254,30.3449611998995],[120.10316610033533,30.345054199691617],[120.1034976003341,30.344598100422047],[120.10361530000614,30.344032100401137],[120.10368950037025,30.343520299822046],[120.10352049977132,30.343221800445804],[120.10362469972017,30.341960600201617],[120.10744659988075,30.342061399813815],[120.10749809955769,30.341317799876606],[120.1098108995534,30.34144049977931],[120.11005320029506,30.34137290043907],[120.11018789985178,30.341122100204814],[120.11034549974511,30.340205700033096],[120.11123899958022,30.34061160004535],[120.11179149987788,30.34078059974496],[120.11201000006156,30.340842400256633],[120.11580170008847,30.340892999712196],[120.11619899988398,30.34091499982742],[120.11666509961469,30.33991739986817],[120.11692500008871,30.339955499646635],[120.1193978002683,30.340114599609137],[120.11976570032687,30.34078290021074],[120.12006569977234,30.34151039958533],[120.12025120023281,30.34179790025297],[120.12157429991407,30.342667200231176],[120.12279219960044,30.34347740036179],[120.12305410016666,30.343848500208196],[120.12323360035043,30.34411230014257],[120.123245799654,30.344568500136234],[120.12433540025859,30.34481380011681],[120.12461300028974,30.344905000365543],[120.12478180033986,30.344780800393664],[120.12471670021557,30.34437259991563],[120.12501199980397,30.343301099965856],[120.12638779975725,30.343301099965856],[120.12662260015293,30.343214200275156],[120.12750179986824,30.342716199792847],[120.12805880037342,30.342606100291334],[120.12938080018387,30.342409200024633],[120.13177660040981,30.3425134997982],[120.13248149982144,30.34270089962689],[120.1295223004139,30.356606200016188],[120.12596720032604,30.361463299891454],[120.12538700001005,30.366952900156264],[120.12407630018117,30.377212300407393],[120.12390650008501,30.378696500143406],[120.12403480006606,30.380019099801643],[120.12451920010108,30.383951899860335],[120.1245191002763,30.384848300009082],[120.12679500018919,30.384742500166283],[120.12677259987561,30.38410930010417],[120.12800529970491,30.38409829959693],[120.12808159998588,30.383772700050145],[120.12881409959107,30.383776600409817],[120.12884109993684,30.383366700213116],[120.12909459993591,30.38336529996866],[120.12909839957149,30.383131999642103],[120.12958410002625,30.3830846997991],[120.12957029992947,30.38274520033076],[120.1307351998696,30.382736799763563],[120.13087300028883,30.382801899887795],[120.1315140999958,30.382739200054118],[120.13361630035206,30.382743200238565],[120.13443139998913,30.3826812000774],[120.13453249997497,30.379911100217157],[120.13700220019143,30.379944299589795],[120.13764179982923,30.38026150036802],[120.1408731997384,30.380224000437295],[120.14170330006732,30.380193400105384],[120.14206350013046,30.38032499969904],[120.14265350035885,30.38042029995694],[120.1430019004174,30.38073539991882],[120.14360879980632,30.381760799721178],[120.14459440011149,30.382602000382064],[120.14464949977469,30.382643700146673],[120.14519659964344,30.382729199592916],[120.14647529979527,30.382661999551715],[120.14688379974757,30.382714199800546],[120.14788339979907,30.3829788999563],[120.14820559990858,30.383058599674712],[120.1482645999314,30.38285400031191],[120.14854880008716,30.382235600392676],[120.14857309976878,30.381057699853045],[120.14836240030456,30.378736099991045],[120.14835640002786,30.37820859994696],[120.15162229972941,30.378140300034886],[120.1517412998212,30.37836099996025],[120.15345479969926,30.37825339967469],[120.15342509958873,30.377950900114],[120.15450629962606,30.377788399814847],[120.15433539965898,30.377219600204455],[120.15501379964724,30.377094199637668],[120.15486730008593,30.376552099999458],[120.15498940014072,30.37650559965374],[120.15460240028062,30.375870400398696],[120.15435419998641,30.374806100421267],[120.15682690034123,30.374399800210654],[120.1577526004022,30.37424599995296],[120.15934069971354,30.37414339989806],[120.16076769986955,30.374002600239862],[120.1624631998169,30.373709700042696],[120.16329449984141,30.373404599642583],[120.16332479979974,30.374401599754094],[120.16532290003192,30.374230699787006],[120.16540650010995,30.374459800279624],[120.16619680004237,30.37431639978206],[120.16629089970536,30.375855600255818],[120.16592139975285,30.376129799950377],[120.16527000011047,30.376206700079194],[120.16575569966585,30.377462700443346],[120.16622149992236,30.378913799732118],[120.16737640030067,30.378152799711984],[120.1677071997276,30.37778489965342],[120.1688214003874,30.37724780024581],[120.16891159969066,30.375866500039024],[120.16903869997611,30.37480060016759],[120.16928070034407,30.373883600148076],[120.16945029989154,30.373893800258713],[120.17019530007315,30.37510569966838],[120.17062859973021,30.37579050013153],[120.17099709963645,30.376372699640456],[120.17197340005248,30.377554499640496],[120.17286449959704,30.378829199607935],[120.1747158997191,30.38077060028303],[120.17593740029088,30.381807300066896],[120.17615729981958,30.3819782998587],[120.17627689975916,30.382074199964393],[120.17769610009498,30.383213599627993],[120.17818019975653,30.38355519991262],[120.17900319993782,30.383979800427483],[120.17993869991119,30.384697400065022],[120.1803752002553,30.38566029968314],[120.18007159992442,30.386223000091434],[120.18033870037084,30.386763300186203],[120.18171579984437,30.38906990025572],[120.18241879988773,30.389727300174798],[120.18327849960315,30.39080020036903],[120.18339100029448,30.39094069965364],[120.18346939959315,30.391036800308143],[120.18407169984914,30.391774599618145],[120.18510230043091,30.392893900333263],[120.18536189963197,30.39309200029561],[120.18551900040165,30.393211799884682],[120.18562780038269,30.393294800114973],[120.18580509992546,30.39352949978661],[120.18600829994318,30.39385210009442],[120.1870453999253,30.39488390037178],[120.1872085000723,30.395046200122067],[120.18636680028771,30.396772900249175],[120.18535540023163,30.399332100096387],[120.18477140027994,30.40070449971296],[120.18628890011269,30.400952100159373],[120.1856745003779,30.402444400089053],[120.18685929961703,30.402591799871743],[120.1872268003766,30.40180529957496],[120.18744939967007,30.40183909969477],[120.18759940029213,30.4013406000887],[120.1924711995863,30.4024998999505],[120.19287499968152,30.40042479976472],[120.19289689997197,30.40031229997271],[120.19302109994385,30.400276800134293],[120.1935977002737,30.400375400004748],[120.19399030021225,30.40044250022123],[120.19322289971706,30.399786100348308],[120.19406549972314,30.39897369957663],[120.19434700011402,30.398643800371133],[120.19479430041667,30.397230799961505],[120.19705680043103,30.395676599695378],[120.19744659988078,30.39498050015004],[120.19775490006862,30.394595799856347],[120.20014279975044,30.392370299749587],[120.20100429990862,30.39161510035666],[120.20170880002115,30.39141750041739],[120.20243299978313,30.3915125003017],[120.20427350012199,30.391618700342804],[120.2049161997229,30.391647699881503],[120.20635709980036,30.391754999793477],[120.2075635996805,30.391504800306336],[120.20956250030918,30.391348699582863],[120.21215410003174,30.392113400313235],[120.21378590009931,30.39217219978724],[120.21372980039007,30.39166429956782],[120.21345850010971,30.391068299962114],[120.21301269987623,30.38982359957953],[120.21312609988968,30.389136399725146],[120.21300780036972,30.38836080011089],[120.21363290023817,30.38875249982806],[120.21433550008328,30.389045599674716],[120.21516890002476,30.389832900368106],[120.2162905003064,30.390590400226813],[120.21693670006869,30.390699200207962],[120.2177648003053,30.391314400339354],[120.21832859968515,30.39154359975737],[120.21894229974737,30.391602599780185],[120.21945470017431,30.391545099826544],[120.2202565995625,30.39175430012091],[120.22076559965274,30.392061200064404],[120.2219077998052,30.39235710039992],[120.22221919995616,30.392555099638173],[120.22235379968822,30.3928369004027],[120.22259210024527,30.392989400240708],[120.22319410012767,30.39315339970966],[120.22372739989964,30.39319990005538],[120.22426200009124,30.39302120026821],[120.22446229979539,30.39297400024998],[120.22478919976186,30.393017799931556],[120.22511280011565,30.393486299952826],[120.22533090010097,30.393622499578726],[120.22555379976814,30.393946299582126],[120.22564600006297,30.39402789956796],[120.22587599987753,30.394562599584333],[120.22612329995036,30.394389300226067],[120.22666910029875,30.393871799743806],[120.22699190025605,30.393675000201142],[120.22715369998332,30.393783399983988],[120.22778320023451,30.39379190037596],[120.22802040002148,30.39381989986856],[120.2285125998767,30.394157400143968],[120.22890230040093,30.393678299813757],[120.22946189994684,30.393421699851615],[120.23002530002759,30.3930807003141],[120.23061110042204,30.39248519983215],[120.23240890005081,30.390942199722815],[120.23279809965265,30.390928399625977],[120.23359780019837,30.39110289957921],[120.23449110038405,30.39112729998493],[120.23570259959536,30.389752599902636],[120.2358558000052,30.3894236000192],[120.23667150038955,30.388740199800452],[120.23448500028258,30.386029099963025],[120.23302830001614,30.384364099623554],[120.23124789957092,30.382208699871626],[120.22972109984892,30.380158199741174],[120.22916770022925,30.379704300213348],[120.22809499968457,30.378245300380343],[120.22899449979639,30.3775488995621],[120.22960550009384,30.376856200353416],[120.23048140019648,30.376238199733166],[120.23231609990819,30.3772521997293],[120.2335372002816,30.37617299978416],[120.23438049996014,30.37482959970629],[120.23551679966067,30.37413490040541],[120.23648809984604,30.37355760040299],[120.23724570042884,30.37301620043735],[120.23743270005912,30.37275489971887],[120.23682119973864,30.371181300176886],[120.23644570040881,30.370496300064246],[120.2360271999953,30.37003349994609],[120.23669239973447,30.369478100234176],[120.23745420015132,30.369977900259926],[120.23836610011551,30.369487300298715],[120.23942830017597,30.369829799905403],[120.24034020014017,30.369885399591567],[120.24052259973826,30.36957989989253],[120.24173500007021,30.36961689980012],[120.24181009975632,30.36934849983345],[120.24185300011595,30.368700499628403],[120.24198170029524,30.367645200065965],[120.24146550023272,30.366887700207258],[120.24159790022293,30.365858200395678],[120.2411900999432,30.36583999991609],[120.24130480037627,30.365590599926293],[120.2416430003243,30.365313300268667],[120.24224729977311,30.364986099928615],[120.24252520017785,30.364867699684623],[120.24300419978408,30.362535899712043],[120.24242860039965,30.361857399899122],[120.2414245999654,30.361504200158777],[120.23831029988048,30.360444799687798],[120.23920300021837,30.358119500014993],[120.23942299957184,30.35710640024024],[120.23944859967321,30.355997299635703],[120.23991399973136,30.354827600013778],[120.24022220009454,30.354249700163564],[120.23968120032714,30.35334379957675],[120.23824729967316,30.35147379967617],[120.23719479970032,30.350307500390898],[120.2360965997783,30.349531399854243],[120.23316480001552,30.348078699772202],[120.22950189999278,30.346296800157234],[120.22703660015907,30.34512980030007],[120.22731120005187,30.344811399826312],[120.227515800314,30.343955999769605],[120.22866690015735,30.34342620015906],[120.22959410028761,30.34274739997261],[120.22977959984871,30.34288540004121],[120.22999700016146,30.342979200229934],[120.23095619996866,30.343199900155298],[120.231550900054,30.343370999771878],[120.23245900038262,30.343724200411543],[120.2363087003863,30.3453742998841],[120.2364750003211,30.345291600027394],[120.23671799983583,30.344971499834912],[120.23744700017903,30.34445269983229],[120.2378945999559,30.344016700410464],[120.2384318000876,30.34373529984424],[120.2390905004263,30.34251010036087],[120.23956370030464,30.34184780003602],[120.24041419995547,30.34045150003675],[120.24065909973774,30.340497600184165],[120.24120929956962,30.340648599953],[120.24127360019656,30.341407800429693],[120.24596209967126,30.342361599808044],[120.24717450000321,30.342111599970394],[120.24783969974237,30.341102299831334],[120.24847270015505,30.339870799697678],[120.2506867995562,30.340629900349654],[120.25078690039516,30.340901199730638],[120.25167280005974,30.34113550010329],[120.25273020043846,30.34098760029758],[120.25473790003412,30.34038940005081],[120.25633830027243,30.340740900072547],[120.25748489990826,30.341352299668927],[120.2579999002752,30.34070409981439],[120.25808570009508,30.34039860011535],[120.25794619995725,30.339981900144608],[120.25738830013006,30.339620799860086],[120.25584339975319,30.33864849962862],[120.2539765996404,30.337833700365024],[120.25400879986626,30.337546599895745],[120.25363329963716,30.337287399993556],[120.25383710040194,30.336935499773574],[120.25402629977395,30.33668080007891],[120.2544263002336,30.33644270007062],[120.25477980034759,30.33631950014484],[120.25557039975422,30.33519770021377],[120.256327500314,30.33409659997818],[120.25701599968875,30.332814899687946],[120.25717330010775,30.332852899641637],[120.25757610015694,30.332405500413586],[120.25808639976765,30.331873099963616],[120.25847729998748,30.3311157997544],[120.25870739962681,30.330427400204428],[120.25985059982543,30.328805099675662],[120.26028510007734,30.329018099605662],[120.26097709961357,30.32945330042952],[120.26084299990464,30.329647800405724],[120.26360730003694,30.33115920013705],[120.26309610020496,30.33167580039793],[120.26185149964704,30.333731600233193],[120.26357990039219,30.33476090039528],[120.26823259965477,30.337482900015857],[120.2706186997932,30.339144500018733],[120.27089059992136,30.33902819969171],[120.27326699997218,30.340315199686756],[120.27380350043131,30.339639299813882],[120.2745867002161,30.33960229990629],[120.2750800997668,30.337814400014622],[120.27558599989402,30.33633459976204],[120.27654640029618,30.334079600093503],[120.27756899960968,30.33196800002321],[120.27831349976827,30.331676000047423],[120.27807780005048,30.331185900109233],[120.277228099897,30.331096199929732],[120.27670900042006,30.330908700276325],[120.27624089969777,30.33059759959957],[120.27545660004216,30.32953519988962],[120.27448169987065,30.3285190001518],[120.27461890044196,30.328193899728717],[120.27462420014683,30.32799019968803],[120.27405560018587,30.32747160023422],[120.27378200033911,30.326925200037977],[120.27334209965818,30.326536299910344],[120.27292910039773,30.3266195996149],[120.27218949974565,30.326425700385812],[120.2717065997798,30.32586319962701],[120.27027949979913,30.325080499865237],[120.27011910031626,30.324938700160942],[120.26830649964529,30.32370750040087],[120.26799260027838,30.322804699777123],[120.26906360020507,30.322542999759662],[120.27183229982086,30.322220900374305],[120.27613459983195,30.321822800182133],[120.28229740020492,30.321088400309463],[120.28664370044646,30.320349799703536],[120.28748590025418,30.320182399897874],[120.2870914000481,30.317723899838143],[120.29119490042433,30.317238099558722],[120.29192969959604,30.317239200328856],[120.2922958001111,30.3172353997939],[120.2926151997317,30.317633900184376],[120.29334219998259,30.317647999755422],[120.29493659994421,30.317732800428473],[120.29534700016404,30.31997020036448],[120.2956750998261,30.322577899750343],[120.29559709982641,30.327496200289488],[120.29065849978997,30.32733450038694],[120.28968339996902,30.32741449957956],[120.28902459980554,30.327450799814585],[120.28910280035404,30.327874400283406],[120.28912330040009,30.32828240021263],[120.28946570018195,30.33005290002137],[120.29054120031617,30.33338919955196],[120.29185269964239,30.337273699721493],[120.29298319961504,30.33992450001574],[120.29356509964964,30.340249899912976],[120.29428980033413,30.342122899951903],[120.29498930021612,30.343580999563528],[120.29573149990881,30.34459649962878],[120.29733090010097,30.346111100047267],[120.29666370026962,30.347046099997556],[120.29658539989634,30.347258699729252],[120.29651690033472,30.347907399606868],[120.29634369990185,30.349817399553388],[120.2962569998607,30.349953899552872],[120.29815109979347,30.350694900449355],[120.29979080040516,30.351343999625954],[120.30057190027298,30.35193890026011],[120.30158519969723,30.35249759958458],[120.30263509973008,30.352936799693623],[120.30370010027946,30.351751600256193],[120.30382080008997,30.351812299997675],[120.30577399987021,30.35282810043651],[120.30759769997394,30.353672900184222],[120.30848089987364,30.35401189962954],[120.3098541997116,30.354402399651065],[120.31064249955182,30.35460139983479],[120.31172519965833,30.35475949975114],[120.31235319984035,30.35487349961238],[120.31314930039991,30.355104399648383],[120.3142619002665,30.355271099781476],[120.31679270042287,30.35530659961995],[120.3187973000554,30.355390300422073],[120.31976729982114,30.355581900084644],[120.3208079997894,30.355609399554226],[120.32112960005111,30.355730399738206],[120.32149550001736,30.356136799773537],[120.32171989975359,30.356492899827515],[120.32208639956775,30.357446499556374],[120.32213370031013,30.358575799833375],[120.32231779962683,30.35922499973401],[120.32290760020567,30.36012299977665],[120.32317950033371,30.360510800033467],[120.32384489972242,30.361031600128285],[120.32434509994641,30.3606821001988],[120.32446059987683,30.36054339955831],[120.32605459964009,30.360759500350696],[120.32601680023515,30.36158809971107],[120.32722530020749,30.361678700111952],[120.32689110044396,30.364852500242762],[120.32711040012498,30.365171999688073],[120.32774110007176,30.364627700308176],[120.33005540013664,30.362532000251633],[120.33024110024667,30.36252280018715],[120.3348750000813,30.36598390043673],[120.33649800028252,30.368195999745637],[120.33997229988177,30.369653600233505],[120.34019890025911,30.36985289989144],[120.33951220042775,30.371074799762255],[120.34084259990607,30.37178749989323],[120.33982330020524,30.37279649965876],[120.33882560042116,30.373805399599576],[120.336349899928,30.375029500111395],[120.33631769970214,30.37623280020364],[120.33661810024523,30.376251300157435],[120.3368004998432,30.375557099980256],[120.33720549963414,30.375545600349255],[120.33703380016982,30.378498199632247],[120.3333565002024,30.378056299758498],[120.33342089975474,30.379361299684263],[120.33276649997401,30.379490900085045],[120.33273429974815,30.377167700329153],[120.3318973996453,30.3772232001906],[120.33199400032288,30.376852999666255],[120.3322943999666,30.376649400349606],[120.33211999983814,30.37617499987641],[120.33098279991634,30.376596100229904],[120.33091569969986,30.377315799784355],[120.32808869973371,30.377556399907974],[120.32514629966204,30.379224799684835],[120.32425579996527,30.379372900039357],[120.32228169994062,30.38013189996724],[120.32178819966578,30.38008560017039],[120.32103720010673,30.38043729984156],[120.32096199969658,30.380714999697545],[120.3200930000919,30.381094400286372],[120.31942780035274,30.380983399664217],[120.31935269976736,30.380224399736335],[120.31894500021167,30.379780099571974],[120.31882700016604,30.3794468998546],[120.31735720037454,30.379696799867475],[120.31657399969038,30.37974309966438],[120.31657399969038,30.38093709986731],[120.31502900038811,30.381307300391654],[120.3150611997147,30.381871900168107],[120.31451400002118,30.382075500384076],[120.31468570038487,30.38276039977268],[120.3141062995661,30.38316770002939],[120.31393469992656,30.385000199999297],[120.31461059979938,30.385092799593053],[120.31453550011327,30.38592570041078],[120.31477150020464,30.386388499629618],[120.31377369969653,30.387998799604986],[120.31380589992239,30.388304300203345],[120.31333379991497,30.389007599721026],[120.31337680009926,30.38906320030651],[120.31398830041974,30.38919269998314],[120.31396680032765,30.389387100134627],[120.31352700037087,30.390729000143267],[120.31436379974957,30.391071399925238],[120.31325870022886,30.393172200037043],[120.3132480000952,30.39348689980062],[120.31301200000382,30.393949600094004],[120.31318359964348,30.394153200309972],[120.31256140008861,30.394615899704036],[120.3117137998521,30.39586520011892],[120.31071600024325,30.397660499632423],[120.3103512001478,30.398049200110563],[120.30993279955908,30.397614199835516],[120.30986840000674,30.397308799961195],[120.30847369990136,30.396975700068538],[120.30833419976352,30.396614800332827],[120.30681069965408,30.396438999959912],[120.30549110013419,30.39598549973107],[120.3048151004366,30.395717099764397],[120.30434310025396,30.395717099764397],[120.3043109000281,30.396003999684865],[120.30425719971004,30.396068800334945],[120.30314140005567,30.39605030038109],[120.30265859991448,30.39580970025753],[120.30153210012634,30.395670899792265],[120.30141679984547,30.396987300423632],[120.30210339985206,30.396987300423632],[120.3020926997184,30.397449999817695],[120.30163139966942,30.39906940003283],[120.30166359989528,30.3997448997074],[120.30235019990187,30.39985600015433],[120.3024842996108,30.400327899612932],[120.30303689973323,30.400901700353245],[120.30469980015573,30.401697499639965],[120.30609460008577,30.40267840008812],[120.30631990004338,30.403168800399897],[120.30577270034985,30.404510499859725],[120.30640569986326,30.405352599842672],[120.30687779987068,30.405454400400288],[120.30842809977707,30.401734500446878],[120.3098908003202,30.402196900366732],[120.3111639003937,30.403418599688678],[120.31175400044685,30.403677699766092],[120.31237629982638,30.405037900079094],[120.31332040001655,30.405093499765258],[120.31383540038348,30.405713399753665],[120.31461860016827,30.405916999969634],[120.31738669993626,30.407036600159017],[120.31659270019304,30.410293699994327],[120.31794459976356,30.41121890003228],[120.31803039958334,30.41182959995615],[120.31873849968213,30.412588300409766],[120.31860980040199,30.412912200237884],[120.31990789982979,30.41428149989133],[120.32164599976318,30.41353210022629],[120.32263310013752,30.41573419997343],[120.3238775999713,30.415567599665053],[120.32396339979118,30.417695599772173],[120.32654640019632,30.418155999599776],[120.32739400043283,30.418257700332674],[120.32825229990374,30.41830400012958],[120.32834889968206,30.419479000355636],[120.32860639986552,30.419479000355636],[120.32879140030298,30.421155799800374],[120.32952899996349,30.42136640033914],[120.33034439997414,30.422532099776618],[120.33034439997414,30.42309640007886],[120.32922860031977,30.42301320019908],[120.32912130040779,30.42365150031651],[120.32799750038441,30.423746299652066],[120.3279330999327,30.425356099604357],[120.32831930029556,30.425837100202045],[120.32812619966444,30.426836300055243],[120.32600190026756,30.429260099773842],[120.32930370000577,30.431672300036666],[120.33200740022141,30.431783299759502],[120.33110620039088,30.435242999764682],[120.33561230026748,30.436297499829777],[120.33478620012306,30.442282300088152],[120.33600929968952,30.442485799580027],[120.33643840041191,30.444095200233335],[120.33532259985816,30.44561220004306],[120.33500070012224,30.448460899750785],[120.335816100133,30.44857190037294],[120.33523680003839,30.452419499560335],[120.334657400119,30.45339989998547],[120.33339140019302,30.453085399871384],[120.33298369973807,30.455804500077647],[120.33257600018237,30.458024099732484],[120.33228100006818,30.459748899592114],[120.3321737001562,30.460488799718405],[120.33262430007142,30.461339599742757],[120.33407269959548,30.46135809969661],[120.3341371000472,30.46173719991191],[120.3337079003993,30.462125600016464],[120.33305349971931,30.462329100407715],[120.33299980030063,30.463785699950165],[120.33259209984556,30.466504399958126],[120.32468449959003,30.46856419997789],[120.32154599964827,30.46851520041622],[120.3187184996591,30.47159470033523],[120.31748250021724,30.47568980014421],[120.3165670002669,30.478648299879183],[120.31616249959973,30.48185280016662],[120.31604799971547,30.48460280017912],[120.31613250001487,30.4887419002186],[120.31589549987746,30.49447390015041],[120.31677249985103,30.498864400271884],[120.31568199992444,30.50572349983969],[120.31314149968057,30.50931850014871],[120.31279640013383,30.51430659976984],[120.30967880043636,30.516039700371948],[120.308207300027,30.518351100123198],[120.3025160996383,30.517733999724385],[120.28936529986879,30.516052399698538],[120.28839940011233,30.515555199612834],[120.28716689993257,30.514278499553143],[120.28487200004281,30.51247500002131],[120.27953329972206,30.51103590038656],[120.27770980016726,30.510059400321097],[120.27467789956552,30.509809799782488],[120.27381349999314,30.50683089982624],[120.27217259968575,30.50701199990391],[120.27153019955915,30.50707359986677],[120.26994139967587,30.507866300089745],[120.2684816003457,30.508102400005782],[120.26838780015692,30.508794400441275],[120.26719270008311,30.50885660025193],[120.26683250001997,30.508985500080826],[120.26542850002534,30.50904359988226],[120.265367200436,30.50879519993856],[120.26289209979063,30.508881999804487],[120.26285989956477,30.509067699914453],[120.2618595998407,30.509129700075675],[120.26068640005735,30.508369399728053],[120.26052069997036,30.508025900075268],[120.25951010031099,30.508010900282898],[120.25944869999762,30.507806200196057],[120.25889280026263,30.507750200311534],[120.2589679997734,30.507266699598574],[120.2570912000989,30.50714029988501],[120.25546180032188,30.507005700153],[120.2553542998611,30.506878300393282],[120.25089299971228,30.506871499719978],[120.25073189965747,30.507642000178237],[120.25011930036544,30.507662100025925],[120.25000590035211,30.508660700031328],[120.24788160005585,30.508417699617212],[120.24546350024036,30.50842050010607],[120.24510869970675,30.507483800437114],[120.24428189988987,30.507479999902102],[120.2405187002779,30.507507100072644],[120.23806440005205,30.507400999856316],[120.2379304001679,30.50689530027796],[120.2376164999016,30.506718300209457],[120.2360605000921,30.506758900103193],[120.23515210028927,30.50702350043423],[120.23441999998306,30.507510100210993],[120.2343829002507,30.50872740004951],[120.23334559971977,30.509309399908943],[120.23408170021037,30.510879900387124],[120.23261550040513,30.511608800006172],[120.23033849972205,30.512734799771238],[120.23060720006231,30.51327709995826],[120.22917729959272,30.5146405000591],[120.22813630015014,30.51406899978457],[120.2268100996065,30.51426909983911],[120.22679619968494,30.514782299763397],[120.22618160030072,30.515132899563696],[120.22580329958271,30.515469399793005],[120.2251224003785,30.516242600016028],[120.22490419966914,30.516111999569148],[120.2235116003801,30.51490070000733],[120.22548320028955,30.511854299636298],[120.22527170042872,30.51165259968775],[120.22502159986698,30.511494700320213],[120.22418209982413,30.51149339990053],[120.22401369997237,30.512041399990665],[120.22311150009568,30.511896699972795],[120.22331770025176,30.51047810038409],[120.22227650026036,30.510432299710942],[120.21740749965647,30.51040780037971],[120.21054239981197,30.510416600245946],[120.20904540002527,30.510301200140304],[120.20751369989739,30.51003330019671],[120.20330930008424,30.50880189988783],[120.19978149981648,30.507048200314216],[120.19927649991064,30.5070785002726],[120.19900170036829,30.50723140030891],[120.1987731997234,30.507922899822006],[120.19869249995895,30.508427700078357],[120.19860570009303,30.508924599790475],[120.19825450044493,30.509747500147057],[120.19794320011863,30.510708200023487],[120.19724790007058,30.512952499558253],[120.19710039956385,30.514451199962934],[120.19673289970365,30.51501040020986],[120.19610080041173,30.51640260019991],[120.19561149997082,30.51662690011142],[120.19529410044242,30.516581899834875],[120.19139489995473,30.508445500359585],[120.18980180041285,30.504278599577788],[120.18920000017988,30.5045157004393],[120.18782439987626,30.50555950037068],[120.18554170018933,30.506776800209195],[120.18299290010236,30.505440399554857],[120.18116779975423,30.505504800006577],[120.18013169981816,30.505173399832586],[120.17757430041365,30.502066899567808],[120.17851360002271,30.49994849972353],[120.176758900403,30.49892169967677],[120.18132229968444,30.49752119984356],[120.17449350007507,30.49446739985069],[120.17198689977567,30.496129400051814],[120.1692207002751,30.494616400426594],[120.17458330007935,30.48887440003358],[120.17898839979489,30.486273799896026],[120.17630879961143,30.483964599886406],[120.1710358999868,30.48813609980124],[120.16870140024946,30.48668060012966],[120.17499630023917,30.480679200184966],[120.16612929962753,30.4765115997306],[120.15735219974431,30.47518580028452],[120.1554816998206,30.4717812997672],[120.14489410008275,30.469703499816717],[120.14204829978928,30.474500999821316],[120.14218059995483,30.47974410040996],[120.14328849996434,30.47956949973269],[120.14346140002363,30.482996200014668],[120.14190550003889,30.483070699852988],[120.14155969992032,30.485231000010685],[120.13680549957417,30.485603400276773],[120.13766990004592,30.484188100300628],[120.13353669955904,30.482787100444398],[120.13006320035652,30.484188100300628],[120.12176490042987,30.48053789960443],[120.12064110040649,30.482176799819513],[120.11631909984669,30.481655300052125],[120.11631909984669,30.48530540002423],[120.11061410026059,30.482996200014668],[120.11312080038465,30.481655300052125],[120.11044120020131,30.476962099821094],[120.10286869993058,30.479866199565492],[120.10256849993641,30.484117999945795],[120.09741189973943,30.484704099814394],[120.09205699993072,30.486709200369376],[120.09056829998713,30.49189389988362],[120.09609209967073,30.49722319959102],[120.0924767000397,30.499328499910405],[120.07256810033766,30.50035880011859],[120.0711960001953,30.496914900302443],[120.06399979965113,30.499922199949594],[120.06201079965876,30.493958299935628],[120.06141189973948,30.487285600150358],[120.06002059997081,30.48281559996002],[120.05578759991783,30.477676499670793],[120.05475159980654,30.475108599782118],[120.05519730021524,30.472296099585378],[120.05546510033423,30.46779850010074],[120.0547058000327,30.462660600406423],[120.05513170006793,30.45944720042803],[120.05763349978622,30.45403519996455],[120.06062180035588,30.451226899601807],[120.06341290028513,30.448085100047365],[120.06377930027452,30.445498899854385],[120.06333579960756,30.443316800130276],[120.06183769994993,30.440906099936626],[120.06019390022834,30.43851760040701],[120.05749399964839,30.43753460004183],[120.05763020017366,30.435972799605054],[120.05934620016706,30.434268800165057],[120.06004329975849,30.43277739955738],[120.05770770015033,30.4316052996449],[120.05197339975268,30.431460300152764],[120.04396380018932,30.429614699758645],[120.03113540017864,30.428163399921004],[120.03143469995155,30.4309119996891],[120.03431190007416,30.431898900413955],[120.03504629994688,30.436474400073564],[120.03117530039981,30.437843199703934],[120.02564319997373,30.438737599760486],[120.02512449979588,30.440526200223985],[120.0210617998622,30.440675199900625],[120.01832950030621,30.43805580033495],[120.00532970030554,30.439631899992264],[120.00155569983576,30.443981599671133],[119.99695240033304,30.447741200196276],[119.99368439981527,30.446320700340095],[119.98562879992926,30.447749099841133],[119.97916249994944,30.447660500431823],[119.97815179956592,30.44527479959237],[119.97412429999656,30.443216800015364],[119.96940489981637,30.440934700176342],[119.96719650031832,30.434683800417133],[119.96365530015203,30.43438790008156],[119.95960140008458,30.431573499617343],[119.95791739976823,30.43436999997556],[119.94902370008379,30.43717299973423],[119.94838410044599,30.4423346001617],[119.94835789959745,30.44848039975068],[119.94406879983535,30.45275709966046],[119.93799259967875,30.44693510007488],[119.93310369977598,30.446573499767226],[119.93001409957105,30.449303399932035],[119.92812520041775,30.454681200077346],[119.92007340016733,30.456572100222274],[119.91862990014988,30.458932100236268],[119.91814800023008,30.461444699913045],[119.91444029958018,30.46358989955428],[119.91000990013686,30.460995100043874],[119.9074696004418,30.457815000162157],[119.89889569967681,30.461826800266692],[119.89379629995938,30.45929679960767],[119.88559070035058,30.459364999695026],[119.88249790035786,30.461614500009205],[119.87544589980848,30.461182099674204],[119.87035989998947,30.462687900226456],[119.86833340006638,30.466646800409535],[119.87067769971611,30.468550800079413],[119.86866320034653,30.471445099911477],[119.87584190008363,30.475919200111036],[119.87030979965755,30.479643999570953],[119.86485620015355,30.478229699640963],[119.86049490011965,30.480717100313996],[119.86188269972683,30.48566240029959],[119.85326369975996,30.491416299622585],[119.84722079970015,30.499168399901805],[119.84282759981397,30.495727400399232],[119.83942320002075,30.49453529956446],[119.83358299995552,30.49506200011126],[119.82962779958336,30.49709500033407],[119.82591010027102,30.50221859990853],[119.82124159991997,30.50525559966627],[119.81526520022885,30.508123499899625],[119.80637220021697,30.5053077999151],[119.7985776996012,30.504311299826668],[119.79273489959598,30.5023264996683],[119.78542360021902,30.506617600421976],[119.77575739998406,30.507127300184834],[119.76431080020336,30.51285370003825],[119.76740739983165,30.52279109982942],[119.76699839985633,30.53149629981442],[119.77261620027753,30.544825700445756],[119.77322680037662,30.54631669995581],[119.77040209997699,30.547817399553423],[119.76490519991512,30.549886299812954],[119.7586765997454,30.550391600092325],[119.74255639955823,30.54627939967463],[119.72810379965074,30.548561000389896],[119.72470830044779,30.553220899624876],[119.72081729997842,30.555404399593442],[119.71814270002562,30.558870500073567],[119.71477899995091,30.56314510006638],[119.69596939966812,30.556030700056795],[119.6890386996763,30.554027099571044],[119.69840059990781,30.533480400300277],[119.70471159956071,30.524275099915997],[119.70943750004062,30.507245999903034],[119.7077032995677,30.498617799871624],[119.70453229992575,30.49230749989124],[119.70763460035653,30.485444900162065],[119.7014665002788,30.472103200402444],[119.69669320013111,30.451287899716874],[119.7021877997272,30.444431900112136],[119.70272890021863,30.440233899874613],[119.70741779989157,30.434791700176845],[119.70452119959373,30.429683700242606],[119.69559970006617,30.427235500118286],[119.68991829958986,30.423532400400006],[119.68710330017723,30.419259900324164],[119.68402080011992,30.4154529001313],[119.68126899966467,30.40917509985104]]]}},{"type":"Feature","properties":{"shapeName":"Xihu District","shapeISO":"","shapeID":"62558664B82614955491445","shapeGroup":"CHN","shapeType":"ADM3"},"geometry":{"type":"Polygon","coordinates":[[[120.14045699979079,30.140233699925375],[120.13197699993862,30.14657139955051],[120.12531140030092,30.153336900377724],[120.1218109996779,30.157864399622383],[120.12063639965015,30.161091499872896],[120.11902520035278,30.16800219984168],[120.11855530008711,30.173222599743212],[120.1183624000048,30.17608899990745],[120.11901660013609,30.182323800003417],[120.11937210034228,30.18393769996493],[120.12037659990028,30.186004000284413],[120.12108500037255,30.187182300123084],[120.12188939987595,30.188074000414815],[120.12638080033378,30.191449600318833],[120.12872819994652,30.19280299995853],[120.13476420040763,30.194943100443766],[120.1323895999002,30.19969899960921],[120.13275270027691,30.199836700203605],[120.1325243003563,30.20031590035859],[120.13251460026868,30.200380399735707],[120.13246249984456,30.200728399596017],[120.13249139955849,30.20095349990413],[120.13260419972414,30.201136299700522],[120.13275459964507,30.201603400376655],[120.13276679984801,30.20174489970742],[120.13290119993053,30.20175299990109],[120.1335247997298,30.20284669961552],[120.1337128003056,30.20306030029269],[120.13400480028133,30.20347159983453],[120.134141099732,30.2038811996577],[120.13437089989714,30.20420349959187],[120.13447080018739,30.204280399720744],[120.13422429961179,30.20510530016952],[120.13449890040397,30.20585009980232],[120.13449209973066,30.20593750041536],[120.13392449981586,30.206545999698164],[120.1343876003076,30.206847299563265],[120.1351708000924,30.207218199760177],[120.13608809958623,30.20747319982837],[120.13723069993694,30.207644699643197],[120.13863129959486,30.207772799974805],[120.13857140024993,30.20877709988332],[120.13821039979018,30.208785100252214],[120.13776770041909,30.209044900002198],[120.13719079971565,30.20958770021224],[120.13645210018433,30.210233399951505],[120.13628659974688,30.210661899926777],[120.13615259986261,30.2109866001515],[120.13601499999231,30.211380799984],[120.13599609984021,30.21150059957307],[120.13595420042611,30.212810300255228],[120.13579349967029,30.213595599957046],[120.13529879969985,30.214344499599008],[120.13474790019552,30.21574219984268],[120.13469259998351,30.216065599647777],[120.13521790028597,30.21634710003866],[120.13544499978696,30.216326500167895],[120.13566140005366,30.21640369977098],[120.13609290016723,30.21631420014029],[120.13632559974667,30.21632300000647],[120.136626799787,30.21611410008569],[120.1367448996574,30.216107800334782],[120.1369099998966,30.21600249961574],[120.13688959967533,30.21558280040597],[120.13704749994224,30.2152480997201],[120.13738150005622,30.21501769970712],[120.13781579975944,30.214926000334685],[120.13844260024587,30.21478790044131],[120.14017729984255,30.214779200399846],[120.14130069966757,30.21469589979597],[120.14281470023832,30.214844099975267],[120.1437134997783,30.215557399954093],[120.14412470039463,30.216408399627994],[120.14523849995692,30.216989400340594],[120.14603160037814,30.218030200133683],[120.14637479965734,30.218789700084642],[120.1467400997758,30.218899099913585],[120.14703140007907,30.21891509975211],[120.14734059958903,30.219048200314262],[120.14749809965758,30.219063600304935],[120.14774110007181,30.219168499926354],[120.14780670021912,30.219154600004856],[120.14787950033872,30.21926420038261],[120.14794020008026,30.219282800161125],[120.1479822002184,30.219499499902042],[120.14803229965094,30.219574800136968],[120.14816009960896,30.219708700196406],[120.14836100006016,30.21978410025605],[120.14854610032228,30.219829900029936],[120.14873900040459,30.220008499992332],[120.14881109995235,30.2200266995726],[120.14888130013196,30.219999200103075],[120.14892249987349,30.21990089970683],[120.14908810013583,30.21988249957775],[120.14924229969245,30.219800699942425],[120.14926970023657,30.219639900261257],[120.14929630038398,30.219452200059038],[120.1492656002273,30.219308099888963],[120.14931960001957,30.219213799677163],[120.14946559955786,30.2191596002354],[120.14982280038203,30.218720199577604],[120.14985790002208,30.218414799703282],[120.14994639960673,30.218256199763857],[120.14995149966205,30.218160600031695],[120.1500333001967,30.218124199971896],[120.1501499998227,30.21824630002675],[120.15037450028308,30.218593700039264],[120.15040330017223,30.219037299631736],[120.1506367003235,30.219380200336047],[120.15079680033216,30.219467900423297],[120.15130450000277,30.220067599839922],[120.15162770015831,30.22052720017018],[120.15192790015249,30.220765900026322],[120.15206640024428,30.22119029999243],[120.15208890038252,30.22140260024986],[120.15225220017896,30.221577299852584],[120.15227320024803,30.221653000285812],[120.15246269999363,30.221727699773567],[120.15268339991906,30.22189549977753],[120.152759200177,30.222001699818634],[120.15296969999167,30.22219769986401],[120.1529639002639,30.22241369993236],[120.15320710032745,30.22263079987158],[120.15402770021831,30.224127600008785],[120.15450400005966,30.224676000297222],[120.15474129967129,30.224984099936307],[120.15512900010333,30.225611600095306],[120.15531809965069,30.226041500315034],[120.15519939993237,30.22633810032312],[120.15517560027376,30.226585000197645],[120.1549745999979,30.227546600295398],[120.15492489986434,30.227782399837906],[120.15501999957337,30.22812250005336],[120.15519119991404,30.228638700115994],[120.15582220023441,30.22975459959514],[120.15630090036632,30.23020220027138],[120.15636479989564,30.230335700132514],[120.15616900039913,30.23040290017377],[120.15590790022952,30.230538999974897],[120.1557503003362,30.230640199785455],[120.15565879971393,30.230733400126383],[120.15547559971924,30.23098580025453],[120.15511539965598,30.2315904999017],[120.15498799989632,30.231792600048493],[120.15484089958795,30.232112700240975],[120.15482629999383,30.232310300180245],[120.15478639977255,30.23356250000944],[120.15466489956555,30.233834699611748],[120.15402560030122,30.234289500260275],[120.15269750038942,30.235188299800257],[120.15161249981702,30.235483899762244],[120.15110149963459,30.235649000001388],[120.1509767996397,30.235518199905073],[120.15070770000045,30.235031500303535],[120.1505315003285,30.234966900202323],[120.15040619958654,30.23502330028515],[120.14982500012377,30.23603769958021],[120.1492180000107,30.23782620021899],[120.14928339960932,30.23961469995851],[120.14963579985238,30.240682699746856],[120.14930550044858,30.241342199582903],[120.1496408999077,30.24300130036977],[120.14986810013272,30.243437100142103],[120.15183030032813,30.245354300060967],[120.15448540028103,30.247866500438704],[120.15502740009447,30.248407400381268],[120.15498780024689,30.248546899619782],[120.15478260013697,30.248531600353147],[120.15424320026352,30.24845310033038],[120.15369029976762,30.248492499629208],[120.1535412002662,30.248572800094678],[120.15340999997159,30.24866720013125],[120.15334849983344,30.248847900010617],[120.1533299998797,30.24896969969194],[120.15339750029443,30.249119099566826],[120.15346199967166,30.249277599681534],[120.15398160007089,30.250103699825956],[120.15422990018976,30.250182400397534],[120.15441689982015,30.250162199825695],[120.15460650028979,30.25011189984434],[120.15469950008196,30.250171399890235],[120.15476739979567,30.250312999945038],[120.15455870042376,30.250468999944417],[120.15437760034604,30.250546999944163],[120.15436370042448,30.250673100183462],[120.15462750035897,30.251106499665298],[120.15485159972161,30.251405099765577],[120.15499369979943,30.251705799782883],[120.1567238002632,30.252756600037117],[120.15715349993411,30.25311770032164],[120.15748309966534,30.253170899717304],[120.15770550020875,30.253332099596776],[120.15777239987642,30.253631799567927],[120.15770290026865,30.254002099917045],[120.15712460022019,30.255006600374372],[120.15486839995674,30.25833250014483],[120.15466379969462,30.258547000144006],[120.15432459970054,30.258714899972688],[120.15367730006744,30.25871809976053],[120.15277329974799,30.259790900129985],[120.15365110011828,30.260166799658123],[120.15338520026683,30.26055300002099],[120.15389690012194,30.26062339985009],[120.15365810044102,30.261553699943363],[120.15329989957081,30.263125800315493],[120.1531528001617,30.26380330008226],[120.15303959979781,30.26428529982678],[120.15057019995481,30.272556399758116],[120.14982259983321,30.275143599997193],[120.14979530001312,30.27553610011097],[120.14966619963548,30.27678710024452],[120.14953150007875,30.277265400178123],[120.14920439956347,30.277719699904253],[120.14630830018791,30.280619499989996],[120.14461299989011,30.28438440021995],[120.14162070003533,30.288630499797762],[120.1407633997112,30.290514299795177],[120.14038340017385,30.291426599957674],[120.13929960019641,30.293616700050734],[120.1386666996085,30.294295199863654],[120.13798719974955,30.29480229968641],[120.13740800037897,30.295243800261233],[120.13691309985973,30.295714300374698],[120.13651200042852,30.296161499953314],[120.13612789998263,30.29609379988898],[120.13547560011887,30.295908499977315],[120.13422240024363,30.29572320006571],[120.13332979973052,30.295567600264576],[120.1327375997605,30.29541940008528],[120.13193930035845,30.295197100266023],[120.13037720044747,30.29484870020741],[120.12988799983134,30.294819099921597],[120.1288323000706,30.294819099921597],[120.12848039985067,30.294833900064475],[120.12811990031321,30.294893199561557],[120.12774220034237,30.29501919997614],[120.12716710008169,30.2953527000671],[120.1264718998583,30.295871500069723],[120.12599979985089,30.296138200317728],[120.1251673001309,30.296382799726473],[120.12410300015335,30.29655330039452],[120.12345929960702,30.296560700016357],[120.12260100013611,30.296568099638137],[120.12193149983887,30.29641990035816],[120.12091010022095,30.29620490033591],[120.12012900035313,30.29613079979663],[120.11968270009663,30.296167900428316],[120.11688459984452,30.295715800443872],[120.11424270014061,30.29504649979617],[120.1132282001214,30.29491540022559],[120.11132280020718,30.29468569988518],[120.1081040996246,30.294530100084103],[120.1046388004404,30.294220000352766],[120.1045164000119,30.294196599993143],[120.10103500026514,30.29454330033309],[120.09972609997965,30.294773200322993],[120.09979229997475,30.29625589998983],[120.09908410005119,30.29625959980075],[120.09883760037496,30.296387299933997],[120.09860349965186,30.29656820036223],[120.09846139957403,30.296759899849576],[120.09837189994334,30.297803400306748],[120.09816080028077,30.29879729955576],[120.0975533001448,30.300243799711666],[120.09743070006687,30.300556699931803],[120.09734369965213,30.301447500002155],[120.09731539978588,30.301883600148074],[120.097398499841,30.302864700245777],[120.09729660035794,30.303886000038915],[120.09748829984517,30.30497199975804],[120.09792089982977,30.30652129961834],[120.09806569967236,30.30704519967628],[120.09802499995385,30.30748689990054],[120.0979382999127,30.307942599871126],[120.09789009984831,30.30838360042287],[120.09769149986289,30.30925009991222],[120.09825420027119,30.309470899662358],[120.09898640040217,30.30989519980369],[120.09724359971244,30.313359200366847],[120.09788830030493,30.313645799913786],[120.09673680026322,30.315999699826364],[120.09642089990461,30.316758000081677],[120.09583389981469,30.31788859987904],[120.09507050040338,30.31930380003041],[120.09433270019406,30.320749999812676],[120.09299490019453,30.32320609958191],[120.0923236003539,30.324317899951154],[120.091652299614,30.325727599848904],[120.0909350003501,30.327341999833493],[120.08983299989313,30.327544799652856],[120.08913319963756,30.32861860006841],[120.08843810013832,30.328704600436993],[120.0879726002554,30.32833089975128],[120.08746090040029,30.328181099678034],[120.08691689959528,30.32861469970868],[120.08584079961327,30.329471400185014],[120.08534399972586,30.330550299756567],[120.08555699965586,30.33111669997578],[120.08424000007597,30.332767599844885],[120.08388929955163,30.332834899710917],[120.08272160002184,30.332386399712618],[120.08215200001484,30.332649800348065],[120.08053219960141,30.333689899569265],[120.07971020036553,30.334574200239217],[120.07891070036862,30.335518900277066],[120.07813359978582,30.336451599761574],[120.07674840011862,30.338202200271382],[120.07825669988688,30.33887340028724],[120.08005720017968,30.33952460028013],[120.07910220020642,30.341397700143773],[120.07792130042776,30.34092670000723],[120.07665319968544,30.34094579980888],[120.07626879976533,30.34253649995958],[120.07545580004523,30.34252009992275],[120.075350699875,30.343841400060626],[120.07356210031071,30.343829199857737],[120.07332090033935,30.344069799981355],[120.07336470002099,30.345174600027804],[120.07317010022007,30.345439499833105],[120.07197839958349,30.345735800366924],[120.07204179998917,30.345902700149566],[120.07069820026175,30.34626929978839],[120.07099790023301,30.346787999966296],[120.07012970012568,30.347352400093257],[120.07153019995883,30.34996819967273],[120.07158140016156,30.350227600123674],[120.07207240032108,30.35119780043817],[120.07058969975492,30.35122360018903],[120.06991069991898,30.35075160000639],[120.06860779991007,30.350862200430242],[120.06873280027855,30.351916199572997],[120.06830020029406,30.35244860002291],[120.06819989980556,30.35254500015168],[120.06750149979439,30.352456999690844],[120.0661913998133,30.352334399612914],[120.06569169961233,30.35237980008776],[120.06471340000348,30.35257690000401],[120.06409020040246,30.352637300271226],[120.06426160039257,30.353534599742034],[120.06447360027653,30.35386130005901],[120.06452559997649,30.354338400296967],[120.06332899983352,30.354641100406525],[120.06328670022106,30.355088200160367],[120.06297799983486,30.355148300054054],[120.06286449999675,30.355818099825512],[120.06261860016832,30.35647139973537],[120.06255490028843,30.357606999763277],[120.06031369981747,30.357539199874225],[120.0601601999333,30.35726329956168],[120.06040320034754,30.35551960044927],[120.06056950028233,30.355138900340023],[120.06046080012584,30.35490159982902],[120.06005149977693,30.35485189969546],[120.05961660022604,30.3547359995668],[120.05881729987857,30.354311099577615],[120.05851030011036,30.354680899903656],[120.05768539966152,30.355232699629425],[120.05698200031907,30.35560790038437],[120.05597799988482,30.355552699997133],[120.05593439985273,30.353898600340187],[120.05562630021359,30.353775900437483],[120.05469259978372,30.353842100432644],[120.05352240013872,30.35353859992648],[120.05247999955236,30.35346129959936],[120.05040169957886,30.35371519979668],[120.04915500000334,30.353653500009045],[120.04893199961214,30.35302659969784],[120.04767989960772,30.35261280004073],[120.04663880034047,30.352388199755637],[120.04638690023535,30.35224919964088],[120.0452908002303,30.352003700010812],[120.04511130004653,30.35249799978294],[120.04487780007048,30.35265559967621],[120.04461419978554,30.35377550023918],[120.04413050032235,30.35501730030819],[120.04381750027744,30.35585630032807],[120.0431855997357,30.356008800166023],[120.04174700012402,30.356313899666816],[120.0415942997372,30.355768700065482],[120.04176230028997,30.354571900273015],[120.03996260039378,30.354295599762168],[120.04009670010271,30.353252600227393],[120.03986039963775,30.353021600366617],[120.03983149992382,30.35240170037821],[120.03943170001298,30.35242209970022],[120.0386183999193,30.352337399751264],[120.03825950027579,30.3522592999268],[120.03791019999585,30.353460299553205],[120.0379868995758,30.353866300289553],[120.03793799983885,30.353988599993954],[120.03685960029043,30.353754900368415],[120.03604859976315,30.353581399562017],[120.0359632999664,30.353770300359145],[120.0354590995579,30.353635099880023],[120.03551949982511,30.353461000125094],[120.03416899959973,30.353292399724523],[120.0340873996139,30.353358400070135],[120.03402440030584,30.353915399675998],[120.0338660000159,30.353995499592656],[120.03253780027933,30.35387419993441],[120.03211529968144,30.353641600179742],[120.0321033000273,30.35325770028271],[120.03148719967464,30.35336679973807],[120.03059999959032,30.35368830017495],[120.03015849991493,30.35304430015435],[120.02832120026324,30.35418119970268],[120.02817269971035,30.354172999684238],[120.02725190005526,30.353289600134985],[120.02616380041911,30.352524900303933],[120.02595379972809,30.352769800086264],[120.02297310022846,30.351839199619405],[120.02248210006894,30.35127030018424],[120.02145499964854,30.350963000042498],[120.0201599003592,30.350809900356694],[120.01999060028606,30.35058410037601],[120.01976380025928,30.35059059977641],[120.01959689957732,30.35065410000675],[120.01911349958834,30.35085210014438],[120.01891870013799,30.350883099775274],[120.01908989957928,30.350324100077216],[120.0195473001678,30.34938810008083],[120.02067639989605,30.348428199701686],[120.02127860032715,30.347748099994874],[120.02126759981991,30.347474099949807],[120.02112689998648,30.34672420026169],[120.02101469966874,30.345755500016367],[120.02075980032464,30.34507409988987],[120.02080040021838,30.34476550022771],[120.02104789994064,30.34403640005985],[120.0215267997221,30.341274100019746],[120.02228810011582,30.339843700426457],[120.02239919966337,30.339038999650143],[120.02209329976608,30.336448599623225],[120.0219125998866,30.335912199888185],[120.02129529983824,30.33543320028201],[120.02032940008178,30.33545599989452],[120.01734859985811,30.33527820032873],[120.01300899956573,30.33484350042727],[120.01317030016924,30.33348509965765],[120.01382989983006,30.333523900008004],[120.01391020029553,30.3320799997922],[120.0151788001616,30.33207029970464],[120.01483400008908,30.330788600313724],[120.0161164998766,30.330634100383463],[120.01599930022758,30.33002560020134],[120.01669980015572,30.32999570044126],[120.0165674001654,30.32868239977296],[120.01671470012343,30.328110600024218],[120.01667570012353,30.327182300023196],[120.01697559974423,30.32715760014321],[120.01703020028356,30.32588619978833],[120.0170955000574,30.3255910000247],[120.02044580023357,30.325441000301964],[120.02032410037702,30.3251614001785],[120.02010610021637,30.324238300057573],[120.01890440001807,30.322803000058457],[120.01860660031446,30.322339299718976],[120.01888320029957,30.321482299768377],[120.01920929986932,30.31994780005101],[120.01916269969888,30.318997999957787],[120.01901699963491,30.31851750028244],[120.01857049972887,30.318259000052876],[120.01771339995355,30.318042900159753],[120.0166218999808,30.318150999569013],[120.01544069982845,30.31855769997793],[120.01536999962582,30.317995899791015],[120.01572930036696,30.317956600316904],[120.01606359995526,30.316899699961255],[120.01753809960371,30.316486199778353],[120.01786610034037,30.31574729969816],[120.01688660013656,30.315479499579283],[120.01664509979162,30.315212599681786],[120.01671239965754,30.3148337000153],[120.01692159995196,30.314862499904507],[120.01708079973923,30.314273999745353],[120.01676969996174,30.31418069957965],[120.0168174000031,30.314010199810923],[120.01696689970277,30.313834000139025],[120.01729400021804,30.312921100128733],[120.01652719957065,30.312726699977247],[120.017016300362,30.31115129999256],[120.01735439958588,30.310941599675118],[120.01768350019347,30.311003099813263],[120.01778689974572,30.311286000448604],[120.01862670016214,30.311628199681707],[120.01923680023822,30.311742499916477],[120.01962459959566,30.31171689981511],[120.02093259965977,30.311489699590027],[120.02113700027246,30.311241199821552],[120.02139339968573,30.311002800338997],[120.02194959979431,30.31081410009068],[120.02131649955686,30.309836000131327],[120.021247599797,30.309470500363375],[120.02141379990701,30.30906899983455],[120.02149609956541,30.308447900150497],[120.02171170033478,30.30813180014252],[120.02202230008913,30.307844199650162],[120.02275989974964,30.307525600426175],[120.0233631002269,30.306829400156744],[120.02437059992326,30.30514589986342],[120.02492129977827,30.304449099746193],[120.0254962003894,30.303362000156255],[120.02550939973912,30.303020499696345],[120.02549880032939,30.302782500412093],[120.02564029966015,30.30253230002569],[120.02606719974153,30.3021705000686],[120.02701129993159,30.302659599960634],[120.0329248999642,30.304846299716985],[120.03513719982197,30.30566429966774],[120.03527090023192,30.30549200035557],[120.03566950044717,30.305588799783322],[120.03591230031248,30.30534530024545],[120.03616130010403,30.305194699775598],[120.03729980044545,30.305507299622207],[120.03728879993821,30.30497959992863],[120.03736260010396,30.30473019993883],[120.0377340003239,30.304645300340383],[120.0388543001859,30.304639200238967],[120.03957809974952,30.303974299974016],[120.04066940007283,30.303180300230736],[120.0409082995784,30.30376990026076],[120.04147860015735,30.30395699971581],[120.04150890011567,30.305102000357067],[120.04107549973457,30.305284599604647],[120.04107389984063,30.30587700012353],[120.0423464998911,30.305700500078046],[120.0435765997803,30.30529770002886],[120.04440649956041,30.30451490044237],[120.04601419959567,30.302926400033414],[120.0469325998597,30.301933400106407],[120.0474133000838,30.301651799890692],[120.04829730038023,30.30145910035725],[120.04886969997676,30.3009579000871],[120.05080599969722,30.30005580003518],[120.04838980014927,30.296405899712568],[120.04733830022246,30.294838199723188],[120.04710990030173,30.29448990038867],[120.04694110025162,30.294153800357662],[120.04693090014098,30.29301279990085],[120.04642829962643,30.29285679990147],[120.0464931002764,30.291392100165353],[120.04667130004054,30.291384499994706],[120.04746679985294,30.29162479974474],[120.0482139997763,30.291696699643012],[120.04884149993529,30.29165189991528],[120.04998899979262,30.291230599912296],[120.05065399988223,30.291095599981986],[120.0511999000554,30.291161999626638],[120.0515072001972,30.291249699713944],[120.0521198003886,30.29146989961623],[120.0520398002966,30.290690799840604],[120.05165150001676,30.28957629970654],[120.05050479965689,30.288123399975007],[120.04979270027297,30.287458800083584],[120.04900169976872,30.286805000150707],[120.04864249975162,30.28640639993546],[120.04832779998799,30.28588769975761],[120.0474549000237,30.28401040005997],[120.04711109999732,30.283271300330284],[120.04625500026816,30.281337200351572],[120.04575909970276,30.280433399681726],[120.04554239996185,30.28004970033345],[120.04530300043314,30.27935969999021],[120.04494540030998,30.277647800006037],[120.04500209986713,30.276658599714665],[120.04529669978297,30.276383499798726],[120.04580739959192,30.276242499591717],[120.04628809981602,30.27606160006286],[120.04644519968633,30.275809899607225],[120.04592450031555,30.27550690002346],[120.04592059995582,30.27528880003814],[120.04661919961643,30.275094800085014],[120.04823709976245,30.275385899839478],[120.04836210013093,30.275189799969326],[120.04849350007498,30.274476599815273],[120.04854099956754,30.274386899635772],[120.04873620011563,30.27433089975125],[120.05020669957958,30.274817700076824],[120.05045360035342,30.27453619968594],[120.05061030002537,30.274198200286776],[120.05077619976191,30.273658699689292],[120.05154720024314,30.273829400006832],[120.05222179969633,30.273956000269266],[120.05407960029333,30.27406149973848],[120.05451299977517,30.274286100023573],[120.05470610040629,30.274266600023623],[120.05473259982966,30.27368629988291],[120.05467750016658,30.273382699551973],[120.05452989983507,30.27218579993479],[120.05449900002884,30.27199420027216],[120.05437320016313,30.271601499609574],[120.05419760033908,30.271342899555236],[120.05396299959284,30.271218199560337],[120.05307140002515,30.270991299708783],[120.05254409963061,30.270844099575584],[120.05246399971384,30.27076279996328],[120.05246849992136,30.270611700369727],[120.0526142998101,30.27033649972975],[120.05298229969344,30.269370799622777],[120.05307910002057,30.268585300271468],[120.05306479990065,30.267836999577924],[120.05292910029777,30.267778299928636],[120.05259839979635,30.26780259961032],[120.05247970007815,30.267784099656524],[120.05234449959903,30.267709400168712],[120.05231469966373,30.26747800010969],[120.05229130020336,30.267342199782718],[120.05198540030608,30.266841999558665],[120.05180159956421,30.26655139982728],[120.05175229962902,30.26635930014163],[120.05186840030649,30.2661823998979],[120.05281870042279,30.266433299956873],[120.05289940018724,30.266152699787312],[120.05182959995614,30.265846200042176],[120.05204319973393,30.264959599805763],[120.05183200024669,30.264811299801693],[120.05124889961712,30.26449009973834],[120.05114690030928,30.263923599694408],[120.0512707000828,30.263767200396046],[120.0516442002197,30.262311600000373],[120.05146439966234,30.262196100070014],[120.05144200024813,30.261718200334712],[120.05146550043253,30.261543700381537],[120.05152949978662,30.261383700197655],[120.05154439975433,30.261052100374172],[120.05172830032086,30.261032399825467],[120.0519495002693,30.26083250031968],[120.05212229960455,30.26021809968563],[120.05230579997271,30.259759199927203],[120.0531211001587,30.259954899598995],[120.05352030022175,30.259197299915513],[120.05396339979109,30.258775400064735],[120.05421189955962,30.258701099875907],[120.05438240022761,30.25857449961353],[120.05461440013448,30.258062000261134],[120.05442679975704,30.25789580015112],[120.0539438997912,30.257409499848563],[120.0532417999691,30.257249200190472],[120.05318050037988,30.257088199960492],[120.05353329992192,30.256542799810404],[120.05382849968555,30.256177800065473],[120.05384529992068,30.255674300228804],[120.05401369977244,30.255231900331978],[120.05062350027436,30.253927199880422],[120.0506236999239,30.2531779000401],[120.05084089968784,30.25134409965051],[120.05108719971452,30.251028399840834],[120.05119880018458,30.25076740039526],[120.05128629972296,30.25023359970089],[120.05072589978056,30.250202400420505],[120.05068620010809,30.249714600048833],[120.05088220015352,30.24886580011662],[120.050324400151,30.248810400079947],[120.05058439955042,30.247745100056363],[120.04893759969059,30.247595399807892],[120.04789560020185,30.247683199719916],[120.04762849975555,30.246824400225933],[120.04712099973437,30.245690900114994],[120.04656690044214,30.24557320044289],[120.04612699976133,30.24545270028193],[120.04586879990529,30.245416700420435],[120.04515809986651,30.24523189963253],[120.04531059970452,30.24451100038243],[120.0439346001018,30.244311500175627],[120.04343709964246,30.246003499961603],[120.04133700010254,30.245582699981696],[120.04087079964779,30.244732200330816],[120.04125149975698,30.24370969994277],[120.03921250015685,30.24342360041885],[120.03928569957543,30.24297139971037],[120.03968699955544,30.24281310014453],[120.04055099982884,30.24201389962184],[120.0406021002068,30.241351100173176],[120.04073820000804,30.24135630005327],[120.04124360011213,30.241350799799648],[120.04099189965655,30.24104399968087],[120.04059910006845,30.240886299962824],[120.03986730013582,30.240622900226697],[120.03936039996256,30.240337500375404],[120.03910920042927,30.239984199910964],[120.03891619962303,30.239902699749848],[120.03845000006754,30.240104100224073],[120.03809730035016,30.240056199633955],[120.03802619994929,30.24014370007177],[120.03821519967175,30.240319100246325],[120.03837049999868,30.240622300378902],[120.03799790008304,30.240891099644557],[120.0365010999459,30.2410947996853],[120.03618540013622,30.241076299731503],[120.03571540004577,30.240794200392088],[120.03482600021982,30.24058249998245],[120.03447009981528,30.23991559962525],[120.03465100024357,30.239570400253797],[120.03516680010785,30.23934189960903],[120.03529080043018,30.23929640020873],[120.03570479973678,30.239332599719773],[120.03581120032675,30.239047900440312],[120.03623179975784,30.23884709981388],[120.03601180040437,30.238577699801056],[120.03558219965885,30.238012799651017],[120.03580389963031,30.23765020019664],[120.03617860036218,30.23742690033123],[120.03631120000193,30.23727760028106],[120.03614599993796,30.23701170042966],[120.03596050037686,30.236671700038983],[120.03585249989305,30.236426499883123],[120.0357024003456,30.236371900243057],[120.03546859999597,30.23631800027556],[120.0346443002943,30.236365700316867],[120.03440999992165,30.236299699971255],[120.03425669968703,30.23614369997182],[120.03401470021834,30.235665200388723],[120.0336905998414,30.235360400362254],[120.03328729976909,30.235172299961732],[120.03255480016401,30.234509399789033],[120.03132020006728,30.234134000283916],[120.03087249956627,30.233350199751953],[120.03039480037978,30.232720800224797],[120.02955890032308,30.232206299880886],[120.02861349971329,30.23148679997587],[120.02794799960054,30.231345399570557],[120.02700829979324,30.231247400447216],[120.02544119965171,30.23066079965622],[120.0244854001811,30.23047680016424],[120.02428869956384,30.23032800013715],[120.02452530040239,30.229698900084202],[120.02390279957456,30.229171900063193],[120.02270499973599,30.229291599827548],[120.02144869989763,30.229848299959144],[120.02048449985989,30.23034659991572],[120.01977040038378,30.230202300096096],[120.01933680035313,30.229798599825585],[120.018495800241,30.229330599827392],[120.01789190009117,30.229562200435225],[120.01641459995392,30.22920789992469],[120.0158656996424,30.228557000305386],[120.01512159968217,30.229046299846914],[120.0137216996967,30.22877339967272],[120.01371959977973,30.228325399697496],[120.0130913001235,30.22786120023426],[120.01230100019109,30.22764019993531],[120.01134030031471,30.227588700258366],[120.01126550010281,30.227269199913678],[120.01171119961225,30.22673709983735],[120.01213949993803,30.225830600302004],[120.01249669986282,30.22500150001929],[120.01335519988265,30.223691800236452],[120.01387349986214,30.223219600404263],[120.01418449981486,30.22189509957923],[120.01532269978281,30.221441799899196],[120.01544050017901,30.22109330001581],[120.01530910023484,30.220738500381515],[120.01483259984468,30.22014309972434],[120.0146017996334,30.21905030023123],[120.01397580044295,30.219167999903334],[120.01366519978922,30.21893990035619],[120.01313550000339,30.219320499741343],[120.01291890008724,30.219848300158958],[120.01196540018316,30.220826099744784],[120.01074829999413,30.22151190025403],[120.00986059988679,30.221852299943748],[120.00926139959392,30.221816899930047],[120.00865789964246,30.22014039995952],[120.0083728001647,30.22022519973325],[120.0083243995515,30.22129769972912],[120.00845099981382,30.222219899628726],[120.007705700158,30.22217380038063],[120.00725989992452,30.222109300104194],[120.00708899995743,30.222334199863496],[120.00714049963437,30.22309229957],[120.00690379987054,30.224115700179482],[120.00658769986251,30.225195999995435],[120.00592970009563,30.22547050006358],[120.0054639996639,30.225566300344553],[120.00453039995807,30.225181100027783],[120.00444779992608,30.22477150020461],[120.00495189961055,30.224202400220634],[120.00538959965036,30.223430299868483],[120.00570960001812,30.222429799595602],[120.00613690029775,30.22157310001859],[120.00641439960486,30.22067760009122],[120.00749459959616,30.2202825000374],[120.00765969983536,30.219678099864495],[120.00766810040261,30.21884889975695],[120.00971649971677,30.21765879991375],[120.01101419984548,30.216094500261022],[120.0118798998376,30.217015100266735],[120.01206290018274,30.21687910029027],[120.0125243000565,30.216716799640665],[120.01306610022039,30.21669829968681],[120.01352829959137,30.21623300035276],[120.01333519985963,30.2157219003455],[120.01303470039113,30.215194099927828],[120.0126808000789,30.214229300042234],[120.01223020016369,30.21412729983507],[120.01185460010981,30.21431269957145],[120.01141480015292,30.214396100000044],[120.01101779983162,30.214386899935562],[120.01058950040522,30.21394769982652],[120.01008520017194,30.213363600050172],[120.00984920008057,30.213178200313735],[120.0095701998049,30.21318750020305],[120.00939860016535,30.213178200313735],[120.00911959988969,30.213085499995884],[120.00887279983988,30.212844399849246],[120.00884070033806,30.212686799955918],[120.00889429993208,30.212241800119045],[120.00872259956839,30.21212120013331],[120.0084329998831,30.21204709959403],[120.0076067999139,30.212334500436896],[120.00747809973461,30.212445699809223],[120.00694160017474,30.21266830000212],[120.00679139990325,30.212584799748754],[120.00660910012994,30.21229739980521],[120.0064695999921,30.21217689964425],[120.0062443000345,30.21212120013331],[120.00556840016156,30.212195399598045],[120.00525719966015,30.212195399598045],[120.00496750015009,30.212037799704717],[120.0048172998786,30.21154640024622],[120.00488170033032,30.21118479993862],[120.00538599966421,30.20998879964344],[120.00552539997727,30.209812599971542],[120.00556840016156,30.209673500032068],[120.00547180038336,30.209562299760364],[120.00525719966015,30.209478800406373],[120.00459199992088,30.20948810029563],[120.0037551996428,30.20960859955727],[120.00292910039775,30.209868199657762],[120.0021750998011,30.20994399991571],[120.00198390033677,30.2100459002981],[120.00140450041738,30.2100459002981],[120.00117919956051,30.210120099762833],[120.00066420009284,30.210379699863324],[120.00052489960444,30.21012769993348],[120.00077889962654,30.20906210043563],[120.00096590015619,30.208194600000866],[120.00156689999255,30.206970799862574],[120.00199170015685,30.206412300187537],[120.00271179990966,30.205802999608807],[120.00294079967819,30.205599000093855],[120.00302460030514,30.204531500328528],[120.0032678003688,30.203640100410382],[120.00314289982498,30.202822800132196],[120.00359780029828,30.20180339970716],[120.00397059986335,30.20083659972937],[120.00454460025321,30.19990049990821],[120.0050491999607,30.198742100267737],[120.00571100026252,30.197916699795883],[120.00601330017378,30.197675099626224],[120.00557750040139,30.1973002999689],[120.00541020042044,30.19707530038488],[120.00435160034613,30.196526700446896],[120.0033048002764,30.195944400213932],[120.00270290021876,30.195897800043497],[120.00181959959491,30.19559600015532],[120.00124979993836,30.19536440044675],[120.00075839958049,30.194741399595955],[119.9998831002249,30.19403650018438],[119.99945579994528,30.193559399946423],[119.99826649959937,30.192968799870243],[119.99723999992614,30.191688700373277],[119.99676789991872,30.191347199913423],[119.99673719976204,30.190887599583107],[119.99578920011152,30.190194400351345],[119.99442320007074,30.1884510996386],[119.99388359964848,30.187524000232486],[119.99308930043094,30.1867131004293],[119.99325449959554,30.18619650016842],[119.99442110015366,30.185591799621932],[119.99548559978064,30.184813400418136],[119.99647980030261,30.184261499968272],[119.99729330004584,30.184084800273354],[119.99838930022611,30.183967300250742],[119.99873460032165,30.184227600023746],[120.00039330001084,30.184635799602518],[120.00130019974449,30.185107100112646],[120.00276350013553,30.18470539993433],[120.00406580029653,30.184697199915888],[120.00565679992144,30.18486039988761],[120.00627440034339,30.184589999828688],[120.00698279991639,30.18449540014268],[120.00769120038865,30.183969599817203],[120.00839370040899,30.183581900284537],[120.00960809993387,30.183246400101325],[120.01021019964105,30.182806799794037],[120.01061730024821,30.18268869992363],[120.01101169973026,30.18254020027007],[120.01115050019553,30.181909399599135],[120.01136150003322,30.181316900154854],[120.01113889984038,30.180681500351],[120.01110979957764,30.18025639981306],[120.01120519966025,30.17993619979586],[120.01158450042442,30.179469500217294],[120.01122659992768,30.178975599744206],[120.01018699983024,30.17838580006469],[120.00991719961917,30.17755380036766],[120.00965780006743,30.17726750029493],[120.00963040042268,30.17696669955359],[120.00934210025775,30.176039799796968],[120.00949500029412,30.17563329993692],[120.00938160028068,30.175291400178025],[120.00990150015411,30.17396719972652],[120.01167960013345,30.172356799926433],[120.01215549977655,30.171673399707686],[120.0134728995547,30.16787620032642],[120.01392289962223,30.1673200002179],[120.01461199974403,30.16591789959142],[120.01375930035147,30.165572499671157],[120.01293609962136,30.164668000228062],[120.012921599852,30.164125799865815],[120.01244649970624,30.163160699606635],[120.01130969998269,30.16294690017935],[120.01069459967607,30.162427399604837],[120.00931430041464,30.16180600044663],[120.0096106000492,30.161442099673195],[120.00999809993243,30.159891399568494],[120.0105084004424,30.159159999834174],[120.0108690996293,30.15806430002749],[120.01132690041618,30.156681899949774],[120.01200309976332,30.154921700076443],[120.00995719966511,30.153851700195844],[120.01042299992162,30.152832000296655],[120.0106558002251,30.151590499701854],[120.01120230024605,30.150657400019043],[120.01109999966536,30.150185399836403],[120.00969770028871,30.150405200439707],[120.00940170012836,30.151092799593073],[120.00906030039266,30.151487399623818],[120.00765919981234,30.151835199834636],[120.00756460012622,30.15047639976609],[120.00668230044789,30.150071499799935],[120.0067585998296,30.14980779969028],[120.00765059959554,30.15014389972123],[120.00742950037125,30.149394900254492],[120.00815999988413,30.148470899912127],[120.00825699986069,30.148073199918315],[120.00678069976959,30.1462887003633],[120.00604989988301,30.14489240036403],[120.00544999991757,30.141179099635792],[120.00375640023776,30.141363000202375],[120.00333350034089,30.141028599890035],[120.00311130034629,30.14048390031178],[120.00258950020532,30.140294700040442],[120.00328630032254,30.139434899600985],[120.00366290042257,30.138376199701895],[120.00487250026572,30.13666939977304],[120.00468489988828,30.135152399963317],[120.00335460023473,30.134193700179196],[120.00213220034084,30.1327639004337],[120.00183169997308,30.131525700350835],[120.00094940029464,30.130648700377265],[120.00028929971143,30.12976169994255],[120.0003713997204,30.128635899826975],[120.0002193999054,30.12783010007911],[120.0006201998624,30.12674789999562],[120.0006250004435,30.125886700211083],[119.99995839956057,30.12522430006146],[119.99966050003206,30.12402300006147],[119.99938480026833,30.12316810002784],[119.99828450042946,30.122656300348012],[119.99746949971768,30.118082399683033],[119.99957239974651,30.118186499807166],[120.00073900030463,30.1175468003446],[120.00246699995216,30.11733009970436],[120.00466489986525,30.118296299834412],[120.00674310001409,30.117949399844974],[120.00740450011767,30.117905699988114],[120.0084519000352,30.11854629967206],[120.0091725996358,30.118667299856043],[120.01005750015361,30.11886210020583],[120.01127179985372,30.11840509981556],[120.01200829964341,30.117682599772195],[120.01259269979334,30.11730499962607],[120.01261369986241,30.11622030032663],[120.01278850018923,30.11557239994636],[120.01247400007514,30.11495440022543],[120.01177610008699,30.114123899698257],[120.0116631002719,30.111941600324656],[120.01176639999937,30.110602800279082],[120.01327280039948,30.109812899645647],[120.01371549977057,30.109114600358566],[120.0151794000094,30.107626899561808],[120.01605249962324,30.10855309964586],[120.01757689995407,30.108914100105665],[120.0189742998241,30.10819749961496],[120.01934760031156,30.107469600042066],[120.02169599997046,30.106171499715003],[120.02186859965616,30.105610499924694],[120.02252219993966,30.104324800349332],[120.02470999956688,30.102510400134918],[120.02532659994267,30.10115670012169],[120.02552259998811,30.100069200333394],[120.02572439976132,30.098833799840065],[120.02628600029868,30.09783640042957],[120.02570389971527,30.09724370043648],[120.02733750022549,30.09615190009015],[120.02934059978895,30.095524099557622],[120.03191619967299,30.095427200305096],[120.03385179972088,30.095241199821544],[120.03513740037079,30.095439199959173],[120.03779450041588,30.09528339960923],[120.03879730025528,30.09519599989551],[120.03866879972543,30.094412700285943],[120.03827769985605,30.093193600004668],[120.03841579974937,30.091804599802515],[120.03867739994212,30.09080149958959],[120.03843460007681,30.08987919986521],[120.03930769969065,30.089104100274085],[120.03888770010735,30.088791600252193],[120.04029020003281,30.08792569971132],[120.04042539961256,30.08741320035898],[120.04150430008349,30.08720209979714],[120.04365099979384,30.087219599704838],[120.04403389964477,30.088303000383235],[120.04488929970148,30.090364299572798],[120.04636280020316,30.09230200043703],[120.04867019976996,30.094224900259007],[120.04944380019128,30.094845800293513],[120.05045820038572,30.095171600389108],[120.05281949992002,30.095410700443495],[120.05553269967436,30.094971899633492],[120.05695719971504,30.094222199594867],[120.0600034004367,30.091298900224103],[120.06316629988487,30.089130800246267],[120.06793009959449,30.086098899644583],[120.07443390040419,30.08239129971878],[120.07853920032392,30.081082699806814],[120.0832532000752,30.081096200429386],[120.08722769989845,30.08185699990065],[120.09728719974453,30.08417060029302],[120.09817150041442,30.084275900112743],[120.09989769961919,30.08271790021098],[120.1002029996688,30.08197199980799],[120.09849850020566,30.078073900090487],[120.11285450033495,30.08143469985157],[120.11613370011025,30.082040000245854],[120.11581069960414,30.08422150012217],[120.11590980039705,30.0865903000024],[120.11527000021044,30.087814100140633],[120.1153933997856,30.088457399589345],[120.12209400013808,30.097445299660876],[120.12022250016832,30.098401600053876],[120.12391139959152,30.102207799850135],[120.12655380021772,30.100464500036708],[120.12748940001586,30.100585299671877],[120.12804100009214,30.10068689968074],[120.12820350039124,30.100223700263598],[120.13083260004453,30.100617999920814],[120.13064050035882,30.099986899775672],[120.13292460029015,30.100466500128903],[120.13319339955581,30.10007319961852],[120.13332459985043,30.099781199642678],[120.13627989979761,30.100256399613215],[120.13652800026705,30.100082799881363],[120.13799210015532,30.100417700216724],[120.13857319979343,30.10067649992061],[120.14081900029669,30.101104300223312],[120.1422032997425,30.101281099743005],[120.14198900029214,30.100668299902168],[120.14022060040043,30.099905899637633],[120.13816390034378,30.098557100030177],[120.13760050026292,30.098115499630637],[120.13900050007305,30.095277300407133],[120.13807029980455,30.094200599678004],[120.13843950028274,30.093846899914524],[120.14047720036262,30.09020299986861],[120.15098570022997,30.09696739992563],[120.15496549975808,30.097047599667064],[120.1550967000527,30.096700599852852],[120.15516829957744,30.094623600298974],[120.15504630024657,30.093309400308613],[120.15500909979016,30.09061559983013],[120.15779730030522,30.089345900093292],[120.156747000074,30.089103000403213],[120.15314300024932,30.08921900035665],[120.1521870002299,30.089390299622664],[120.15138650018685,30.08961899991698],[120.15118130007704,30.08988880012805],[120.15028899993752,30.08979199980098],[120.15015559990104,30.089598099672628],[120.14974900021627,30.089521099719036],[120.14958499984789,30.08707679995439],[120.14965169986613,30.086376999698814],[120.15621719956414,30.086685799909787],[120.15628760029256,30.086140499584417],[120.16325819960628,30.08648979986441],[120.167556100134,30.084587599737972],[120.16825679971157,30.08598760044748],[120.16723699998761,30.08893840018709],[120.16712419982207,30.090924999888898],[120.167390400047,30.093633899984525],[120.16806639974459,30.09503499966553],[120.16970289966912,30.097119200091072],[120.17021630014222,30.098067900313424],[120.17116050015704,30.09856639991949],[120.17171029979056,30.098601299910115],[120.17246530043337,30.098934399802772],[120.17447710003819,30.095452900231237],[120.17506629986985,30.094752400303094],[120.17541639964713,30.095884500169575],[120.17441500005225,30.098663600444866],[120.17414030033467,30.09974450010867],[120.17494500021166,30.10263250018977],[120.17528530007655,30.105011500180638],[120.17537629977653,30.105885099817556],[120.17580839973789,30.107292500148787],[120.17710779958531,30.110247999745468],[120.17741809986546,30.111712599656812],[120.17736949960283,30.113012600251352],[120.17710140000963,30.114815099737086],[120.1760396999722,30.11697630011622],[120.17479119995403,30.118613800086848],[120.17255949992102,30.119901499754462],[120.15770500018573,30.127916399921958],[120.14045699979079,30.140233699925375]]]}},{"type":"Feature","properties":{"shapeName":"Xiacheng District","shapeISO":"","shapeID":"62558664B24354876544482","shapeGroup":"CHN","shapeType":"ADM3"},"geometry":{"type":"Polygon","coordinates":[[[120.15389690012194,30.26062339985009],[120.15405659993223,30.26054589987342],[120.15454750026697,30.260544399804246],[120.16101669966099,30.26069009986827],[120.16294900009632,30.26048039955083],[120.16884889985693,30.260304799726782],[120.17856289995791,30.260369999675788],[120.18356319978193,30.260123699649057],[120.18405069978007,30.26930149966455],[120.18280150008923,30.275047000218933],[120.18435179999562,30.275366700213112],[120.18487749959695,30.27550570032787],[120.18437330008783,30.276900100059606],[120.18398299971568,30.277594200412068],[120.18337549957971,30.278674400403304],[120.18230799981438,30.280156799696613],[120.18029089960544,30.282843699677073],[120.17995829973586,30.283557100379937],[120.18015679989651,30.284289000137278],[120.18014609976274,30.28471049978981],[120.17957749980178,30.28520159977404],[120.17949699968688,30.285553599818854],[120.17951310024944,30.286660700331083],[120.17964719995837,30.287939199934158],[120.18076840004164,30.292700999551528],[120.1810956003817,30.292858499620138],[120.18181439971488,30.295929400221667],[120.18203969967249,30.2969623003699],[120.18245820008588,30.297175400124672],[120.18284440044874,30.29920409978945],[120.18593430012788,30.300144299619774],[120.18736659998865,30.30158929970645],[120.18783739957644,30.303090900424763],[120.18836439959739,30.304247799996006],[120.18868089980378,30.30456740016541],[120.18840729995702,30.307147000233897],[120.1836383003673,30.306901600428546],[120.18367590012281,30.309231099935346],[120.1836383003673,30.309550600280033],[120.18372949971672,30.31118079955428],[120.18442150015221,30.31127800007971],[120.18523159955873,30.3112502002366],[120.18515110034309,30.31181990006837],[120.18528520005202,30.31297300000398],[120.18572509983358,30.31483000020438],[120.18597719958814,30.31507079997749],[120.19027949959934,30.31451049985975],[120.1906872000543,30.315547800390732],[120.1907032997176,30.31587199969306],[120.19272569963141,30.315478299883694],[120.19311189999428,30.316534200193246],[120.19369120008889,30.316344300249284],[120.19428390008204,30.31636209963125],[120.19469979965606,30.315927499554505],[120.19544539968547,30.31444100025203],[120.19640029983407,30.315621900030692],[120.19674900026621,30.31631650040623],[120.19767160036417,30.31708060038943],[120.20172710032546,30.321484399685346],[120.20249430027184,30.322253099700845],[120.2025585999994,30.32251240032707],[120.20183979976696,30.322646699685492],[120.20068109975307,30.322632799763937],[120.19953850030163,30.322831899772382],[120.19665780001753,30.32252160039161],[120.1938253996226,30.32261429981014],[120.19217849993788,30.322405899912383],[120.19201220000309,30.323521800290905],[120.19189949966221,30.324183999891716],[120.19790770028021,30.32455440006555],[120.1985943002868,30.32522119969866],[120.19855139992728,30.325915800074142],[120.19832609996956,30.326036200410385],[120.19830459987747,30.326638099568697],[120.19878740001855,30.327295600211812],[120.19929170025182,30.327295600211812],[120.19972080007494,30.328342099908014],[120.19919509957424,30.32839759976946],[120.19759649977868,30.32849950015185],[120.19790770028021,30.330046000422612],[120.19815439960587,30.33023119961024],[120.19839050042128,30.331944400014095],[120.19934529984573,30.33234260003104],[120.19957059980345,30.332898200291766],[120.20070790044929,30.333212999880118],[120.20087959991372,30.333574199989414],[120.20113710009718,30.333657499693913],[120.20108339977912,30.334463099792288],[120.2034759003925,30.33462979992538],[120.20643709989236,30.33441679999538],[120.20669460007582,30.33587989983755],[120.2072309998108,30.336750299686628],[120.2074027001745,30.344528199716706],[120.20766020035808,30.34771320000425],[120.20377630003622,30.347509599788225],[120.19965650034726,30.347879900137343],[120.19854069979351,30.349805700272896],[120.19710300040322,30.350027900267435],[120.19622319994073,30.350564899850326],[120.19512890037856,30.35326829969233],[120.19408780021183,30.353038399702427],[120.19140000001005,30.35139590040052],[120.19071580029402,30.351274800391764],[120.18890059968294,30.35073460012177],[120.18765750009356,30.35068260042175],[120.18614079975816,30.35065910023735],[120.18422350001458,30.350534199693584],[120.18296079970116,30.350275399989755],[120.18160770043505,30.349282700436333],[120.1808192998709,30.34796140029846],[120.17837569977883,30.34518959982023],[120.16800839976793,30.331677599941315],[120.16486019973854,30.32776370003478],[120.16448509970769,30.326900599982764],[120.16411030005042,30.326292199625357],[120.16275579964054,30.324967599874867],[120.16125390034733,30.32324940013973],[120.1591501999219,30.32040280034903],[120.15852900041307,30.319515200066462],[120.15832099981435,30.31928520025184],[120.15694319976888,30.317592800267562],[120.15628570002514,30.316667899703873],[120.15623409962404,30.316595200308313],[120.15587739972227,30.31600899971562],[120.15536040016241,30.315469500017457],[120.15413030027321,30.314046699695496],[120.15321929963102,30.312888600428607],[120.15275009993718,30.312292500098863],[120.15233599990654,30.31162630031355],[120.15227349972224,30.31139669979791],[120.15233790017396,30.310761800017133],[120.15254429997947,30.310411200216777],[120.15282609984467,30.31010409972447],[120.15363150029361,30.309197700013897],[120.15445360025353,30.308334799611373],[120.15596009957903,30.3070084003175],[120.15603110015525,30.306945900133258],[120.15701659973638,30.30608930038096],[120.15722079980014,30.305850800174312],[120.15817879991175,30.3048334996663],[120.159653000086,30.303049699783855],[120.1602827998114,30.30214930034998],[120.16077639991101,30.301292300399382],[120.16103290004833,30.30044060015365],[120.16131870009804,30.298602299556535],[120.1615687997604,30.297135099705145],[120.16155089965434,30.296516199762834],[120.16149379989906,30.296236700363465],[120.16142499996386,30.296046699695466],[120.16092440044076,30.295767700319175],[120.15988790030644,30.29544190022358],[120.15947469959781,30.295277100357964],[120.15773310040231,30.294654700254284],[120.15690090015653,30.29443419997841],[120.15498480010854,30.293871700118927],[120.15479359974495,30.293909200049598],[120.15470360009112,30.29402989986005],[120.14867230038647,30.291998299881698],[120.14848520003204,30.291928599725168],[120.14807920019496,30.291791800251417],[120.14775209967968,30.29168799960155],[120.14798359956353,30.291182800046215],[120.14805579983533,30.290849499604747],[120.14801770005693,30.29048280014115],[120.14801229962802,30.290430400242826],[120.14799100008463,30.290074400013623],[120.14799410004775,30.28960809973404],[120.14812170035623,30.289152999611304],[120.1481757001485,30.289040800192822],[120.14874349971285,30.28823789985927],[120.14881689968024,30.2881654001132],[120.14916429969276,30.28780250028524],[120.14952640002343,30.287424199567226],[120.14970059960308,30.287242299992215],[120.1498784998929,30.287077000103523],[120.14990050000813,30.287056500057474],[120.15009719972602,30.286873600436365],[120.15060729968718,30.286399299787888],[120.15091090001806,30.28611699989966],[120.15095629959364,30.286074800111976],[120.15105810015132,30.28597329992789],[120.15110220020642,30.28569800036246],[120.15112620041384,30.28518230032296],[120.15286199988145,30.285157300069386],[120.15419409997776,30.28516390019388],[120.15457089972733,30.285176899894054],[120.15507839974839,30.28519560039672],[120.15533770037462,30.284913299609116],[120.1570385998516,30.277702399646103],[120.15661770004692,30.27715670002175],[120.15648120004744,30.277062899833027],[120.15594139997575,30.276638999889997],[120.15606889956018,30.275618100295162],[120.14992820002647,30.27514970009861],[120.14982259983321,30.275143599997193],[120.15057019995481,30.272556399758116],[120.15303959979781,30.26428529982678],[120.1531528001617,30.26380330008226],[120.15329989957081,30.263125800315493],[120.15365810044102,30.261553699943363],[120.15389690012194,30.26062339985009]]]}},{"type":"Feature","properties":{"shapeName":"Shangcheng District","shapeISO":"","shapeID":"62558664B12226970479029","shapeGroup":"CHN","shapeType":"ADM3"},"geometry":{"type":"Polygon","coordinates":[[[120.13476420040763,30.194943100443766],[120.13500550020376,30.195027500019137],[120.13823599989155,30.196157699618198],[120.14153259974978,30.197062100135838],[120.147424900239,30.198287799642287],[120.15121570004453,30.199096499703728],[120.16359080037523,30.203535199889586],[120.16663369968558,30.205106599689884],[120.17452260033781,30.20897879983181],[120.1815531997205,30.213319800368538],[120.18848189962,30.216854100036755],[120.18999199983102,30.217631599918434],[120.19534929993029,30.220717399588352],[120.2023066998944,30.22558499994784],[120.20620500016071,30.228618399719437],[120.20885910006746,30.231355700405288],[120.20963550007832,30.23224210009289],[120.20586859975617,30.234970799662733],[120.20073880025552,30.238630200423472],[120.19821050021449,30.240473899650794],[120.19612119973362,30.24160820015834],[120.19397740033685,30.244275799788397],[120.19328129989219,30.244821199938485],[120.18990290039858,30.246579100245356],[120.18846730002599,30.247349199605935],[120.18716509968965,30.247998299681853],[120.1868180998755,30.248051199603253],[120.18625929982693,30.248149800373028],[120.1831785003875,30.248309400358607],[120.18137449993333,30.248817299678706],[120.18199680021223,30.249836799928403],[120.18244740012744,30.251541999963365],[120.18308039964074,30.25268200037408],[120.18258690026528,30.25308979975449],[120.18302680004683,30.254378000344502],[120.18356319978193,30.260123699649057],[120.17856289995791,30.260369999675788],[120.16884889985693,30.260304799726782],[120.16294900009632,30.26048039955083],[120.16101669966099,30.26069009986827],[120.15454750026697,30.260544399804246],[120.15405659993223,30.26054589987342],[120.15389690012194,30.26062339985009],[120.15338520026683,30.26055300002099],[120.15365110011828,30.260166799658123],[120.15277329974799,30.259790900129985],[120.15367730006744,30.25871809976053],[120.15432459970054,30.258714899972688],[120.15466379969462,30.258547000144006],[120.15486839995674,30.25833250014483],[120.15712460022019,30.255006600374372],[120.15770290026865,30.254002099917045],[120.15777239987642,30.253631799567927],[120.15770550020875,30.253332099596776],[120.15748309966534,30.253170899717304],[120.15715349993411,30.25311770032164],[120.1567238002632,30.252756600037117],[120.15499369979943,30.251705799782883],[120.15485159972161,30.251405099765577],[120.15462750035897,30.251106499665298],[120.15436370042448,30.250673100183462],[120.15437760034604,30.250546999944163],[120.15455870042376,30.250468999944417],[120.15476739979567,30.250312999945038],[120.15469950008196,30.250171399890235],[120.15460650028979,30.25011189984434],[120.15441689982015,30.250162199825695],[120.15422990018976,30.250182400397534],[120.15398160007089,30.250103699825956],[120.15346199967166,30.249277599681534],[120.15339750029443,30.249119099566826],[120.1533299998797,30.24896969969194],[120.15334849983344,30.248847900010617],[120.15340999997159,30.24866720013125],[120.1535412002662,30.248572800094678],[120.15369029976762,30.248492499629208],[120.15424320026352,30.24845310033038],[120.15478260013697,30.248531600353147],[120.15498780024689,30.248546899619782],[120.15502740009447,30.248407400381268],[120.15448540028103,30.247866500438704],[120.15183030032813,30.245354300060967],[120.14986810013272,30.243437100142103],[120.1496408999077,30.24300130036977],[120.14930550044858,30.241342199582903],[120.14963579985238,30.240682699746856],[120.14928339960932,30.23961469995851],[120.1492180000107,30.23782620021899],[120.14982500012377,30.23603769958021],[120.15040619958654,30.23502330028515],[120.1505315003285,30.234966900202323],[120.15070770000045,30.235031500303535],[120.1509767996397,30.235518199905073],[120.15110149963459,30.235649000001388],[120.15161249981702,30.235483899762244],[120.15269750038942,30.235188299800257],[120.15402560030122,30.234289500260275],[120.15466489956555,30.233834699611748],[120.15478639977255,30.23356250000944],[120.15482629999383,30.232310300180245],[120.15484089958795,30.232112700240975],[120.15498799989632,30.231792600048493],[120.15511539965598,30.2315904999017],[120.15547559971924,30.23098580025453],[120.15565879971393,30.230733400126383],[120.1557503003362,30.230640199785455],[120.15590790022952,30.230538999974897],[120.15616900039913,30.23040290017377],[120.15636479989564,30.230335700132514],[120.15630090036632,30.23020220027138],[120.15582220023441,30.22975459959514],[120.15519119991404,30.228638700115994],[120.15501999957337,30.22812250005336],[120.15492489986434,30.227782399837906],[120.1549745999979,30.227546600295398],[120.15517560027376,30.226585000197645],[120.15519939993237,30.22633810032312],[120.15531809965069,30.226041500315034],[120.15512900010333,30.225611600095306],[120.15474129967129,30.224984099936307],[120.15450400005966,30.224676000297222],[120.15402770021831,30.224127600008785],[120.15320710032745,30.22263079987158],[120.1529639002639,30.22241369993236],[120.15296969999167,30.22219769986401],[120.152759200177,30.222001699818634],[120.15268339991906,30.22189549977753],[120.15246269999363,30.221727699773567],[120.15227320024803,30.221653000285812],[120.15225220017896,30.221577299852584],[120.15208890038252,30.22140260024986],[120.15206640024428,30.22119029999243],[120.15192790015249,30.220765900026322],[120.15162770015831,30.22052720017018],[120.15130450000277,30.220067599839922],[120.15079680033216,30.219467900423297],[120.1506367003235,30.219380200336047],[120.15040330017223,30.219037299631736],[120.15037450028308,30.218593700039264],[120.1501499998227,30.21824630002675],[120.1500333001967,30.218124199971896],[120.14995149966205,30.218160600031695],[120.14994639960673,30.218256199763857],[120.14985790002208,30.218414799703282],[120.14982280038203,30.218720199577604],[120.14946559955786,30.2191596002354],[120.14931960001957,30.219213799677163],[120.1492656002273,30.219308099888963],[120.14929630038398,30.219452200059038],[120.14926970023657,30.219639900261257],[120.14924229969245,30.219800699942425],[120.14908810013583,30.21988249957775],[120.14892249987349,30.21990089970683],[120.14888130013196,30.219999200103075],[120.14881109995235,30.2200266995726],[120.14873900040459,30.220008499992332],[120.14854610032228,30.219829900029936],[120.14836100006016,30.21978410025605],[120.14816009960896,30.219708700196406],[120.14803229965094,30.219574800136968],[120.1479822002184,30.219499499902042],[120.14794020008026,30.219282800161125],[120.14787950033872,30.21926420038261],[120.14780670021912,30.219154600004856],[120.14774110007181,30.219168499926354],[120.14749809965758,30.219063600304935],[120.14734059958903,30.219048200314262],[120.14703140007907,30.21891509975211],[120.1467400997758,30.218899099913585],[120.14637479965734,30.218789700084642],[120.14603160037814,30.218030200133683],[120.14523849995692,30.216989400340594],[120.14412470039463,30.216408399627994],[120.1437134997783,30.215557399954093],[120.14281470023832,30.214844099975267],[120.14130069966757,30.21469589979597],[120.14017729984255,30.214779200399846],[120.13844260024587,30.21478790044131],[120.13781579975944,30.214926000334685],[120.13738150005622,30.21501769970712],[120.13704749994224,30.2152480997201],[120.13688959967533,30.21558280040597],[120.1369099998966,30.21600249961574],[120.1367448996574,30.216107800334782],[120.136626799787,30.21611410008569],[120.13632559974667,30.21632300000647],[120.13609290016723,30.21631420014029],[120.13566140005366,30.21640369977098],[120.13544499978696,30.216326500167895],[120.13521790028597,30.21634710003866],[120.13469259998351,30.216065599647777],[120.13474790019552,30.21574219984268],[120.13529879969985,30.214344499599008],[120.13579349967029,30.213595599957046],[120.13595420042611,30.212810300255228],[120.13599609984021,30.21150059957307],[120.13601499999231,30.211380799984],[120.13615259986261,30.2109866001515],[120.13628659974688,30.210661899926777],[120.13645210018433,30.210233399951505],[120.13719079971565,30.20958770021224],[120.13776770041909,30.209044900002198],[120.13821039979018,30.208785100252214],[120.13857140024993,30.20877709988332],[120.13863129959486,30.207772799974805],[120.13723069993694,30.207644699643197],[120.13608809958623,30.20747319982837],[120.1351708000924,30.207218199760177],[120.1343876003076,30.206847299563265],[120.13392449981586,30.206545999698164],[120.13449209973066,30.20593750041536],[120.13449890040397,30.20585009980232],[120.13422429961179,30.20510530016952],[120.13447080018739,30.204280399720744],[120.13437089989714,30.20420349959187],[120.134141099732,30.2038811996577],[120.13400480028133,30.20347159983453],[120.1337128003056,30.20306030029269],[120.1335247997298,30.20284669961552],[120.13290119993053,30.20175299990109],[120.13276679984801,30.20174489970742],[120.13275459964507,30.201603400376655],[120.13260419972414,30.201136299700522],[120.13249139955849,30.20095349990413],[120.13246249984456,30.200728399596017],[120.13251460026868,30.200380399735707],[120.1325243003563,30.20031590035859],[120.13275270027691,30.199836700203605],[120.1323895999002,30.19969899960921],[120.13476420040763,30.194943100443766]]]}},{"type":"Feature","properties":{"shapeName":"Jianggan District","shapeISO":"","shapeID":"62558664B44486993062759","shapeGroup":"CHN","shapeType":"ADM3"},"geometry":{"type":"Polygon","coordinates":[[[120.34019890025911,30.36985289989144],[120.33997229988177,30.369653600233505],[120.33649800028252,30.368195999745637],[120.3348750000813,30.36598390043673],[120.33024110024667,30.36252280018715],[120.33005540013664,30.362532000251633],[120.32774110007176,30.364627700308176],[120.32711040012498,30.365171999688073],[120.32689110044396,30.364852500242762],[120.32722530020749,30.361678700111952],[120.32601680023515,30.36158809971107],[120.32605459964009,30.360759500350696],[120.32446059987683,30.36054339955831],[120.32434509994641,30.3606821001988],[120.32384489972242,30.361031600128285],[120.32317950033371,30.360510800033467],[120.32290760020567,30.36012299977665],[120.32231779962683,30.35922499973401],[120.32213370031013,30.358575799833375],[120.32208639956775,30.357446499556374],[120.32171989975359,30.356492899827515],[120.32149550001736,30.356136799773537],[120.32112960005111,30.355730399738206],[120.3208079997894,30.355609399554226],[120.31976729982114,30.355581900084644],[120.3187973000554,30.355390300422073],[120.31679270042287,30.35530659961995],[120.3142619002665,30.355271099781476],[120.31314930039991,30.355104399648383],[120.31235319984035,30.35487349961238],[120.31172519965833,30.35475949975114],[120.31064249955182,30.35460139983479],[120.3098541997116,30.354402399651065],[120.30848089987364,30.35401189962954],[120.30759769997394,30.353672900184222],[120.30577399987021,30.35282810043651],[120.30382080008997,30.351812299997675],[120.30370010027946,30.351751600256193],[120.30263509973008,30.352936799693623],[120.30158519969723,30.35249759958458],[120.30057190027298,30.35193890026011],[120.29979080040516,30.351343999625954],[120.29815109979347,30.350694900449355],[120.2962569998607,30.349953899552872],[120.29634369990185,30.349817399553388],[120.29651690033472,30.347907399606868],[120.29658539989634,30.347258699729252],[120.29666370026962,30.347046099997556],[120.29733090010097,30.346111100047267],[120.29573149990881,30.34459649962878],[120.29498930021612,30.343580999563528],[120.29428980033413,30.342122899951903],[120.29356509964964,30.340249899912976],[120.29298319961504,30.33992450001574],[120.29185269964239,30.337273699721493],[120.29054120031617,30.33338919955196],[120.28946570018195,30.33005290002137],[120.28912330040009,30.32828240021263],[120.28910280035404,30.327874400283406],[120.28902459980554,30.327450799814585],[120.28968339996902,30.32741449957956],[120.29065849978997,30.32733450038694],[120.29559709982641,30.327496200289488],[120.2956750998261,30.322577899750343],[120.29534700016404,30.31997020036448],[120.29493659994421,30.317732800428473],[120.29334219998259,30.317647999755422],[120.2926151997317,30.317633900184376],[120.2922958001111,30.3172353997939],[120.29192969959604,30.317239200328856],[120.29119490042433,30.317238099558722],[120.2870914000481,30.317723899838143],[120.28748590025418,30.320182399897874],[120.28664370044646,30.320349799703536],[120.28229740020492,30.321088400309463],[120.27613459983195,30.321822800182133],[120.27183229982086,30.322220900374305],[120.26906360020507,30.322542999759662],[120.26799260027838,30.322804699777123],[120.26830649964529,30.32370750040087],[120.27011910031626,30.324938700160942],[120.27027949979913,30.325080499865237],[120.2717065997798,30.32586319962701],[120.27218949974565,30.326425700385812],[120.27292910039773,30.3266195996149],[120.27334209965818,30.326536299910344],[120.27378200033911,30.326925200037977],[120.27405560018587,30.32747160023422],[120.27462420014683,30.32799019968803],[120.27461890044196,30.328193899728717],[120.27448169987065,30.3285190001518],[120.27545660004216,30.32953519988962],[120.27624089969777,30.33059759959957],[120.27670900042006,30.330908700276325],[120.277228099897,30.331096199929732],[120.27807780005048,30.331185900109233],[120.27831349976827,30.331676000047423],[120.27756899960968,30.33196800002321],[120.27654640029618,30.334079600093503],[120.27558599989402,30.33633459976204],[120.2750800997668,30.337814400014622],[120.2745867002161,30.33960229990629],[120.27380350043131,30.339639299813882],[120.27326699997218,30.340315199686756],[120.27089059992136,30.33902819969171],[120.2706186997932,30.339144500018733],[120.26823259965477,30.337482900015857],[120.26357990039219,30.33476090039528],[120.26185149964704,30.333731600233193],[120.26309610020496,30.33167580039793],[120.26360730003694,30.33115920013705],[120.26084299990464,30.329647800405724],[120.26097709961357,30.32945330042952],[120.26028510007734,30.329018099605662],[120.25985059982543,30.328805099675662],[120.25870739962681,30.330427400204428],[120.25847729998748,30.3311157997544],[120.25808639976765,30.331873099963616],[120.25757610015694,30.332405500413586],[120.25717330010775,30.332852899641637],[120.25701599968875,30.332814899687946],[120.256327500314,30.33409659997818],[120.25557039975422,30.33519770021377],[120.25477980034759,30.33631950014484],[120.2544263002336,30.33644270007062],[120.25402629977395,30.33668080007891],[120.25383710040194,30.336935499773574],[120.25363329963716,30.337287399993556],[120.25400879986626,30.337546599895745],[120.2539765996404,30.337833700365024],[120.25584339975319,30.33864849962862],[120.25738830013006,30.339620799860086],[120.25794619995725,30.339981900144608],[120.25808570009508,30.34039860011535],[120.2579999002752,30.34070409981439],[120.25748489990826,30.341352299668927],[120.25633830027243,30.340740900072547],[120.25473790003412,30.34038940005081],[120.25273020043846,30.34098760029758],[120.25167280005974,30.34113550010329],[120.25078690039516,30.340901199730638],[120.2506867995562,30.340629900349654],[120.24847270015505,30.339870799697678],[120.24783969974237,30.341102299831334],[120.24717450000321,30.342111599970394],[120.24596209967126,30.342361599808044],[120.24127360019656,30.341407800429693],[120.24120929956962,30.340648599953],[120.24065909973774,30.340497600184165],[120.24041419995547,30.34045150003675],[120.23956370030464,30.34184780003602],[120.2390905004263,30.34251010036087],[120.2384318000876,30.34373529984424],[120.2378945999559,30.344016700410464],[120.23744700017903,30.34445269983229],[120.23671799983583,30.344971499834912],[120.2364750003211,30.345291600027394],[120.2363087003863,30.3453742998841],[120.23245900038262,30.343724200411543],[120.231550900054,30.343370999771878],[120.23095619996866,30.343199900155298],[120.22999700016146,30.342979200229934],[120.22977959984871,30.34288540004121],[120.22959410028761,30.34274739997261],[120.22866690015735,30.34342620015906],[120.227515800314,30.343955999769605],[120.22731120005187,30.344811399826312],[120.22703660015907,30.34512980030007],[120.22950189999278,30.346296800157234],[120.23316480001552,30.348078699772202],[120.2360965997783,30.349531399854243],[120.23719479970032,30.350307500390898],[120.23824729967316,30.35147379967617],[120.23968120032714,30.35334379957675],[120.24022220009454,30.354249700163564],[120.23991399973136,30.354827600013778],[120.23944859967321,30.355997299635703],[120.23942299957184,30.35710640024024],[120.23920300021837,30.358119500014993],[120.23831029988048,30.360444799687798],[120.2414245999654,30.361504200158777],[120.24242860039965,30.361857399899122],[120.24300419978408,30.362535899712043],[120.24252520017785,30.364867699684623],[120.24224729977311,30.364986099928615],[120.2416430003243,30.365313300268667],[120.24130480037627,30.365590599926293],[120.2411900999432,30.36583999991609],[120.24159790022293,30.365858200395678],[120.24146550023272,30.366887700207258],[120.24198170029524,30.367645200065965],[120.24185300011595,30.368700499628403],[120.24181009975632,30.36934849983345],[120.24173500007021,30.36961689980012],[120.24052259973826,30.36957989989253],[120.24034020014017,30.369885399591567],[120.23942830017597,30.369829799905403],[120.23836610011551,30.369487300298715],[120.23745420015132,30.369977900259926],[120.23669239973447,30.369478100234176],[120.2360271999953,30.37003349994609],[120.23644570040881,30.370496300064246],[120.23682119973864,30.371181300176886],[120.23743270005912,30.37275489971887],[120.23724570042884,30.37301620043735],[120.23648809984604,30.37355760040299],[120.23551679966067,30.37413490040541],[120.23438049996014,30.37482959970629],[120.2335372002816,30.37617299978416],[120.23231609990819,30.3772521997293],[120.23048140019648,30.376238199733166],[120.22960550009384,30.376856200353416],[120.22899449979639,30.3775488995621],[120.22809499968457,30.378245300380343],[120.22916770022925,30.379704300213348],[120.22972109984892,30.380158199741174],[120.23124789957092,30.382208699871626],[120.23302830001614,30.384364099623554],[120.23448500028258,30.386029099963025],[120.23667150038955,30.388740199800452],[120.2358558000052,30.3894236000192],[120.23570259959536,30.389752599902636],[120.23449110038405,30.39112729998493],[120.23359780019837,30.39110289957921],[120.23279809965265,30.390928399625977],[120.23240890005081,30.390942199722815],[120.23061110042204,30.39248519983215],[120.23002530002759,30.3930807003141],[120.22946189994684,30.393421699851615],[120.22890230040093,30.393678299813757],[120.2285125998767,30.394157400143968],[120.22802040002148,30.39381989986856],[120.22778320023451,30.39379190037596],[120.22715369998332,30.393783399983988],[120.22699190025605,30.393675000201142],[120.22666910029875,30.393871799743806],[120.22612329995036,30.394389300226067],[120.22587599987753,30.394562599584333],[120.22564600006297,30.39402789956796],[120.22555379976814,30.393946299582126],[120.22533090010097,30.393622499578726],[120.22511280011565,30.393486299952826],[120.22478919976186,30.393017799931556],[120.22446229979539,30.39297400024998],[120.22426200009124,30.39302120026821],[120.22372739989964,30.39319990005538],[120.22319410012767,30.39315339970966],[120.22259210024527,30.392989400240708],[120.22235379968822,30.3928369004027],[120.22221919995616,30.392555099638173],[120.2219077998052,30.39235710039992],[120.22076559965274,30.392061200064404],[120.2202565995625,30.39175430012091],[120.21945470017431,30.391545099826544],[120.21894229974737,30.391602599780185],[120.21832859968515,30.39154359975737],[120.2177648003053,30.391314400339354],[120.21693670006869,30.390699200207962],[120.2162905003064,30.390590400226813],[120.21516890002476,30.389832900368106],[120.21433550008328,30.389045599674716],[120.21363290023817,30.38875249982806],[120.21300780036972,30.38836080011089],[120.21224049969942,30.387778800251454],[120.21157939996942,30.386911199991914],[120.21063179961789,30.385798899599592],[120.2099721001324,30.38482190041043],[120.20963600010134,30.384242700140533],[120.20881049980483,30.383418000240567],[120.20841520010151,30.383003199637983],[120.2071573003692,30.38268649978221],[120.20465609959933,30.38142769982852],[120.20482779996303,30.378836100106014],[120.20632979998038,30.376429599746302],[120.20675899962816,30.37487459998283],[120.20703790007906,30.37343059994231],[120.20549299970219,30.372116200302457],[120.20665169971619,30.371107199637606],[120.20726320003666,30.369478100234176],[120.2091193000158,30.368793100121536],[120.20938750033292,30.36783040015291],[120.21058919963195,30.366469599992115],[120.21064280012524,30.365867899583975],[120.21028879998823,30.36449790025796],[120.21073939990345,30.363849900052912],[120.20981490043732,30.36288369992286],[120.20958739983871,30.362232400105256],[120.20907739970232,30.361595500232227],[120.20868300022039,30.361217300238252],[120.20645569967087,30.360039799896924],[120.19953019955915,30.354932999658274],[120.19886880035494,30.354509599738265],[120.19702000017298,30.3537792000501],[120.19512890037856,30.35326829969233],[120.19622319994073,30.350564899850326],[120.19710300040322,30.350027900267435],[120.19854069979351,30.349805700272896],[120.19965650034726,30.347879900137343],[120.20377630003622,30.347509599788225],[120.20766020035808,30.34771320000425],[120.2074027001745,30.344528199716706],[120.2072309998108,30.336750299686628],[120.20669460007582,30.33587989983755],[120.20643709989236,30.33441679999538],[120.2034759003925,30.33462979992538],[120.20108339977912,30.334463099792288],[120.20113710009718,30.333657499693913],[120.20087959991372,30.333574199989414],[120.20070790044929,30.333212999880118],[120.19957059980345,30.332898200291766],[120.19934529984573,30.33234260003104],[120.19839050042128,30.331944400014095],[120.19815439960587,30.33023119961024],[120.19790770028021,30.330046000422612],[120.19759649977868,30.32849950015185],[120.19919509957424,30.32839759976946],[120.19972080007494,30.328342099908014],[120.19929170025182,30.327295600211812],[120.19878740001855,30.327295600211812],[120.19830459987747,30.326638099568697],[120.19832609996956,30.326036200410385],[120.19855139992728,30.325915800074142],[120.1985943002868,30.32522119969866],[120.19790770028021,30.32455440006555],[120.19189949966221,30.324183999891716],[120.19201220000309,30.323521800290905],[120.19217849993788,30.322405899912383],[120.1938253996226,30.32261429981014],[120.19665780001753,30.32252160039161],[120.19953850030163,30.322831899772382],[120.20068109975307,30.322632799763937],[120.20183979976696,30.322646699685492],[120.2025585999994,30.32251240032707],[120.20249430027184,30.322253099700845],[120.20172710032546,30.321484399685346],[120.19767160036417,30.31708060038943],[120.19674900026621,30.31631650040623],[120.19640029983407,30.315621900030692],[120.19544539968547,30.31444100025203],[120.19469979965606,30.315927499554505],[120.19428390008204,30.31636209963125],[120.19369120008889,30.316344300249284],[120.19311189999428,30.316534200193246],[120.19272569963141,30.315478299883694],[120.1907032997176,30.31587199969306],[120.1906872000543,30.315547800390732],[120.19027949959934,30.31451049985975],[120.18597719958814,30.31507079997749],[120.18572509983358,30.31483000020438],[120.18528520005202,30.31297300000398],[120.18515110034309,30.31181990006837],[120.18523159955873,30.3112502002366],[120.18442150015221,30.31127800007971],[120.18372949971672,30.31118079955428],[120.1836383003673,30.309550600280033],[120.18367590012281,30.309231099935346],[120.1836383003673,30.306901600428546],[120.18840729995702,30.307147000233897],[120.18868089980378,30.30456740016541],[120.18836439959739,30.304247799996006],[120.18783739957644,30.303090900424763],[120.18736659998865,30.30158929970645],[120.18593430012788,30.300144299619774],[120.18284440044874,30.29920409978945],[120.18245820008588,30.297175400124672],[120.18203969967249,30.2969623003699],[120.18181439971488,30.295929400221667],[120.1810956003817,30.292858499620138],[120.18076840004164,30.292700999551528],[120.17964719995837,30.287939199934158],[120.17951310024944,30.286660700331083],[120.17949699968688,30.285553599818854],[120.17957749980178,30.28520159977404],[120.18014609976274,30.28471049978981],[120.18015679989651,30.284289000137278],[120.17995829973586,30.283557100379937],[120.18029089960544,30.282843699677073],[120.18230799981438,30.280156799696613],[120.18337549957971,30.278674400403304],[120.18398299971568,30.277594200412068],[120.18437330008783,30.276900100059606],[120.18487749959695,30.27550570032787],[120.18435179999562,30.275366700213112],[120.18280150008923,30.275047000218933],[120.18405069978007,30.26930149966455],[120.18356319978193,30.260123699649057],[120.18302680004683,30.254378000344502],[120.18258690026528,30.25308979975449],[120.18308039964074,30.25268200037408],[120.18244740012744,30.251541999963365],[120.18199680021223,30.249836799928403],[120.18137449993333,30.248817299678706],[120.1831785003875,30.248309400358607],[120.18625929982693,30.248149800373028],[120.1868180998755,30.248051199603253],[120.18716509968965,30.247998299681853],[120.18846730002599,30.247349199605935],[120.18990290039858,30.246579100245356],[120.19328129989219,30.244821199938485],[120.19397740033685,30.244275799788397],[120.19612119973362,30.24160820015834],[120.19821050021449,30.240473899650794],[120.20073880025552,30.238630200423472],[120.20586859975617,30.234970799662733],[120.20963550007832,30.23224210009289],[120.21558960018001,30.238555900234644],[120.2185964996288,30.242203000068457],[120.22167229973695,30.246517000259416],[120.22633839979733,30.253631099895415],[120.23072660035234,30.260199099708757],[120.23547530044482,30.26693569992267],[120.23924970021358,30.271395099804067],[120.24150490043087,30.2735044003079],[120.24339519982868,30.274716699915814],[120.24649030028718,30.276820799640234],[120.24831989994345,30.278064499976722],[120.25317809968965,30.280180200056236],[120.25582370010375,30.281332299945745],[120.25967249988605,30.283008299893197],[120.26255000038225,30.284261399943716],[120.26497099961205,30.285315599635283],[120.26859140037288,30.28655200017471],[120.27653270002418,30.288795000189168],[120.28130979980745,30.28971379975212],[120.28446230039492,30.290320100192503],[120.28567540039944,30.29034480007249],[120.29095359972894,30.290217400312827],[120.2945077995953,30.289380500209973],[120.29638179968038,30.28866520013895],[120.3028838998722,30.28556429995251],[120.30913130036924,30.282083699703037],[120.3113081003886,30.280620599860868],[120.31347630019116,30.278861499858408],[120.31663790011908,30.27660209980712],[120.32132860023478,30.272813300093787],[120.32705939957168,30.26766499974002],[120.33702779989312,30.259752499977935],[120.34206509962473,30.25626619982529],[120.34604420037965,30.254952499858007],[120.34948839967001,30.254461499698493],[120.35323930015363,30.254127999607533],[120.35540380014527,30.25404729984308],[120.35700979956266,30.254215400220573],[120.3583073998667,30.25435119964817],[120.36049570041632,30.25489440005657],[120.36253470001645,30.255564100003255],[120.36731839992433,30.257826400368117],[120.3712481000199,30.260514099845864],[120.37439930018763,30.262669200123526],[120.37807269979533,30.265599399992368],[120.38198959984027,30.269623599949227],[120.38685239961865,30.27600899961567],[120.39179980042047,30.28276240006477],[120.39512880015411,30.289469499817642],[120.39622740027437,30.291682799721457],[120.39633739995111,30.2919043998682],[120.40928189974,30.32077590028763],[120.39984050033888,30.325443500417236],[120.38829629983445,30.335111299646826],[120.38091480027788,30.341222600342803],[120.3734367998685,30.347120599835876],[120.37772839974593,30.357860200288087],[120.37519639989398,30.358971200260726],[120.38004579977394,30.367154600104755],[120.38360780035975,30.372338299572903],[120.39416489959046,30.373115800353958],[120.39631069997893,30.375263299561652],[120.39548190006974,30.386501799818234],[120.39286339982607,30.386060899990582],[120.39091609959837,30.385550899854195],[120.39028269988671,30.385460699651617],[120.38924519970624,30.385210299615665],[120.3882216003467,30.38480240041048],[120.38531720022866,30.384187399928635],[120.38448559983067,30.384017500007644],[120.38361999966332,30.38388600023876],[120.38310619989124,30.383871100271108],[120.38114249962666,30.383511199682175],[120.37965479972934,30.383371999917927],[120.3779225004231,30.38303170005298],[120.37515339970969,30.382334700286265],[120.37443100039047,30.38213129971973],[120.373219799754,30.381708700196384],[120.3721152002563,30.381078000249545],[120.36678500032758,30.37981720020366],[120.36514169972975,30.379414199605662],[120.36400640007537,30.378998499681074],[120.3630442999546,30.378553900042505],[120.36270779972529,30.378239200278927],[120.36184109968701,30.377987399998574],[120.36133750002568,30.377979600178435],[120.36098220036831,30.377959600155464],[120.35806190023652,30.376941299601356],[120.35731949999501,30.37672890041847],[120.356976100167,30.376682700446338],[120.35678410030607,30.376632500289702],[120.35615800039147,30.376298199802136],[120.35573819955835,30.3761986997103],[120.35516930012318,30.376206899728686],[120.35439769979405,30.375970899637366],[120.35331379999195,30.375614400284405],[120.35088020036108,30.375525200127925],[120.34998380021227,30.375371399870232],[120.34814439974434,30.374897699968926],[120.34739180029146,30.374530600307025],[120.34662270007766,30.374089999953583],[120.346368000383,30.374467199901403],[120.3468507996248,30.375022599613317],[120.34704390025581,30.37580940028363],[120.34704390025581,30.37709600008037],[120.34695810043604,30.377049700283465],[120.34677569993869,30.375827900237482],[120.34529510018876,30.375772400376036],[120.34564639966163,30.374006700249083],[120.34475589996487,30.373127399809732],[120.34480960028293,30.37257200009776],[120.34428389978223,30.372155499776568],[120.34436919957898,30.370913599882783],[120.34307150034954,30.37085960009051],[120.34307150034954,30.37022089977478],[120.34052070017026,30.370204700286763],[120.34019890025911,30.36985289989144]]]}},{"type":"Feature","properties":{"shapeName":"Binjiang District","shapeISO":"","shapeID":"62558664B84510411488580","shapeGroup":"CHN","shapeType":"ADM3"},"geometry":{"type":"Polygon","coordinates":[[[120.21558960018001,30.238555900234644],[120.20963550007832,30.23224210009289],[120.20885910006746,30.231355700405288],[120.20620500016071,30.228618399719437],[120.2023066998944,30.22558499994784],[120.19534929993029,30.220717399588352],[120.18999199983102,30.217631599918434],[120.18848189962,30.216854100036755],[120.1815531997205,30.213319800368538],[120.17452260033781,30.20897879983181],[120.16663369968558,30.205106599689884],[120.16359080037523,30.203535199889586],[120.15121570004453,30.199096499703728],[120.147424900239,30.198287799642287],[120.14153259974978,30.197062100135838],[120.13823599989155,30.196157699618198],[120.13500550020376,30.195027500019137],[120.13476420040763,30.194943100443766],[120.12872819994652,30.19280299995853],[120.12638080033378,30.191449600318833],[120.12188939987595,30.188074000414815],[120.12108500037255,30.187182300123084],[120.12037659990028,30.186004000284413],[120.11937210034228,30.18393769996493],[120.11901660013609,30.182323800003417],[120.1183624000048,30.17608899990745],[120.11855530008711,30.173222599743212],[120.11902520035278,30.16800219984168],[120.12063639965015,30.161091499872896],[120.1218109996779,30.157864399622383],[120.12531140030092,30.153336900377724],[120.13197699993862,30.14657139955051],[120.14045699979079,30.140233699925375],[120.14580309973337,30.142399299787883],[120.14662359979934,30.142092800042747],[120.14740180025296,30.141969100093945],[120.14773879960603,30.142045000176665],[120.1463422001325,30.143042500311196],[120.14696939991791,30.1439596999802],[120.14784010014057,30.144810800378195],[120.1497999998702,30.14540570011303],[120.14988090018346,30.14628549967614],[120.15120039987858,30.146596299979308],[120.15077599991253,30.148236100415772],[120.15080529982481,30.148528499690542],[120.15270289991895,30.149867100086624],[120.15435989988953,30.151117299823568],[120.15506990025574,30.150607000212915],[120.1558500999023,30.14979379994395],[120.15629170030184,30.149832200096],[120.15630889983595,30.150302200186445],[120.15750709987287,30.15225320022506],[120.15877530043986,30.152685099637665],[120.15985420001141,30.154014300319773],[120.16088469986903,30.154324700424638],[120.16287539958012,30.152483600237986],[120.16432730016481,30.152367899758815],[120.16555499976346,30.152280699694586],[120.16653809995341,30.15391759981742],[120.16880329973253,30.155006999873194],[120.16985450018512,30.155850699750033],[120.1704330997078,30.155526600272424],[120.17028109989292,30.155096000380183],[120.1701291999027,30.15466529976385],[120.17175100040845,30.154139899636732],[120.1723757999033,30.15226629975001],[120.17452720037011,30.15313809984349],[120.1770404997194,30.14863199996688],[120.17915149994178,30.147185099612727],[120.18211480025786,30.14807290044405],[120.18141319955953,30.14697879963194],[120.18283370031509,30.147349299630548],[120.18464270010054,30.148108000084164],[120.18612549959221,30.14515639994795],[120.18711660015106,30.14554170008944],[120.18846119992452,30.14339389960884],[120.189933599656,30.141431999787017],[120.19066129957935,30.141086900240282],[120.19237149984485,30.1408951000289],[120.19239590025063,30.14006389982916],[120.19413259993962,30.139679999932127],[120.19474789989567,30.13916839990179],[120.19579050013158,30.138867900433297],[120.19689489997972,30.138728099921934],[120.19809850044555,30.138901900202598],[120.19854860033774,30.13878109966805],[120.2003318003724,30.13804810003984],[120.20124769962172,30.13778869958884],[120.20186189970696,30.138755999589762],[120.2021297996506,30.13935660012703],[120.202686200308,30.13922639987851],[120.2036052004197,30.13800480038128],[120.20451360022253,30.137411100342035],[120.20405059955556,30.136185200286832],[120.20508840010962,30.13563279981389],[120.20659169964733,30.135177699691155],[120.2075589996482,30.135288800138085],[120.20798389963727,30.135451699736223],[120.20869320033103,30.135079800392532],[120.2117921004251,30.136730200238617],[120.21420560020829,30.13890600021182],[120.216549399835,30.140582900380593],[120.21492910029781,30.141788300389805],[120.21432930015715,30.141952299858815],[120.21398810007088,30.14310520014493],[120.21424710032352,30.14354869991263],[120.21443579967251,30.144196499568864],[120.21487940016425,30.14561019965106],[120.21506189958711,30.146953400079383],[120.21539179969182,30.148091400397846],[120.21651130005648,30.149203699890904],[120.21684239985689,30.149545999848044],[120.2169922997549,30.149781200442078],[120.21694209959833,30.15029130040324],[120.21608809978602,30.151229199767783],[120.21635780017243,30.15270819962376],[120.21655649998252,30.153484999832926],[120.2171169997498,30.154074099839875],[120.21785379991297,30.155026300223653],[120.21862269957796,30.154819799694053],[120.22032900038312,30.1543509003738],[120.22114329962369,30.154460900050537],[120.2215864000924,30.154725600206348],[120.22156799996333,30.155377200397538],[120.22134780006104,30.1559696000171],[120.22074620037688,30.157490400361723],[120.21987080029726,30.158732800278585],[120.21994249964666,30.159215600419657],[120.22090249985058,30.15983579988233],[120.22146029985299,30.160430900165977],[120.22156339993103,30.16095199973506],[120.22126489965547,30.16172739969977],[120.21870700022794,30.16486579981688],[120.21841639959723,30.165217700036862],[120.21772499990891,30.165423900192877],[120.21729890022414,30.16535350036378],[120.21545710036492,30.164751100283127],[120.21537579985329,30.1643105997544],[120.21510260020489,30.164207499676422],[120.21447290030414,30.1641504997458],[120.21423499994535,30.164038599801586],[120.21370360044091,30.16399459957114],[120.21342949967175,30.164088999607714],[120.21272539975746,30.166054600139717],[120.21549760043399,30.16639029997242],[120.2159459997082,30.172318799972686],[120.21583220039577,30.17532630016865],[120.2171069003632,30.175382899900967],[120.21804009987079,30.17538859980408],[120.21870500013574,30.17530330000733],[120.21897800013471,30.175386099688808],[120.21841150009072,30.17703059998223],[120.21820260016989,30.177279300299517],[120.21741230023758,30.176972799655005],[120.21717199958812,30.17704349985769],[120.21695629989335,30.177557400353805],[120.21769789973837,30.177816600255937],[120.21711999988815,30.179749999662818],[120.2204231000461,30.181293200320965],[120.22024459990837,30.184095299858257],[120.2223291996329,30.18414469961823],[120.2271936002046,30.18501549966561],[120.2293814996566,30.18533130019938],[120.22939429970722,30.185692199935147],[120.2314199003082,30.18556270025846],[120.23136960032684,30.18696220004557],[120.23234999985266,30.18695900025773],[120.23245459999987,30.187166599758825],[120.23003839955254,30.188099300142653],[120.22956900020927,30.188315300211002],[120.22962609996455,30.188784499904784],[120.22923190013216,30.188906900333222],[120.22889430003204,30.189061099889898],[120.22896040020237,30.18947250015583],[120.22868349984367,30.18954869971276],[120.22870089992671,30.189847399637813],[120.22789140036787,30.190029099563333],[120.22802309978624,30.190706799878967],[120.22907530028499,30.190634999805468],[120.2299000001849,30.19076210009092],[120.23013359998572,30.19287339978763],[120.23020690012845,30.193919600009565],[120.23029000018346,30.200970800162338],[120.23030909998499,30.203494199797547],[120.23035069992488,30.20855289979653],[120.23040579958808,30.211670000370248],[120.23040519974029,30.21319210023529],[120.23030230021106,30.214504399958116],[120.2305025999151,30.215296500333295],[120.2305263995737,30.216062899882957],[120.23057439998865,30.219071199576263],[120.2305949000347,30.220350600300037],[120.23068699960538,30.22611750022253],[120.23067099976686,30.22676190044143],[120.23058820008544,30.22730779971522],[120.23063990031119,30.227993600224522],[120.23080830016295,30.22994780005098],[120.23099589964113,30.230414299979998],[120.23106139996366,30.23078179984026],[120.23088940012576,30.23113739987116],[120.23064329974852,30.231420699805483],[120.23002360030898,30.231768699665793],[120.22947329975307,30.232090200102732],[120.22803000028432,30.232398399566534],[120.22658400015155,30.23310250038014],[120.22583759972554,30.233505799553086],[120.22406070034106,30.23442390034279],[120.22275299975115,30.235061800261917],[120.21558960018001,30.238555900234644]]]}},{"type":"Feature","properties":{"shapeName":"Gongshu District","shapeISO":"","shapeID":"62558664B70049473869697","shapeGroup":"CHN","shapeType":"ADM3"},"geometry":{"type":"Polygon","coordinates":[[[120.08053219960141,30.333689899569265],[120.08215200001484,30.332649800348065],[120.08272160002184,30.332386399712618],[120.08388929955163,30.332834899710917],[120.08424000007597,30.332767599844885],[120.08555699965586,30.33111669997578],[120.08534399972586,30.330550299756567],[120.08584079961327,30.329471400185014],[120.08691689959528,30.32861469970868],[120.08746090040029,30.328181099678034],[120.0879726002554,30.32833089975128],[120.08843810013832,30.328704600436993],[120.08913319963756,30.32861860006841],[120.08983299989313,30.327544799652856],[120.0909350003501,30.327341999833493],[120.091652299614,30.325727599848904],[120.0923236003539,30.324317899951154],[120.09299490019453,30.32320609958191],[120.09433270019406,30.320749999812676],[120.09507050040338,30.31930380003041],[120.09583389981469,30.31788859987904],[120.09642089990461,30.316758000081677],[120.09673680026322,30.315999699826364],[120.09788830030493,30.313645799913786],[120.09724359971244,30.313359200366847],[120.09898640040217,30.30989519980369],[120.09825420027119,30.309470899662358],[120.09769149986289,30.30925009991222],[120.09789009984831,30.30838360042287],[120.0979382999127,30.307942599871126],[120.09802499995385,30.30748689990054],[120.09806569967236,30.30704519967628],[120.09792089982977,30.30652129961834],[120.09748829984517,30.30497199975804],[120.09729660035794,30.303886000038915],[120.097398499841,30.302864700245777],[120.09731539978588,30.301883600148074],[120.09734369965213,30.301447500002155],[120.09743070006687,30.300556699931803],[120.0975533001448,30.300243799711666],[120.09816080028077,30.29879729955576],[120.09837189994334,30.297803400306748],[120.09846139957403,30.296759899849576],[120.09860349965186,30.29656820036223],[120.09883760037496,30.296387299933997],[120.09908410005119,30.29625959980075],[120.09979229997475,30.29625589998983],[120.09972609997965,30.294773200322993],[120.10103500026514,30.29454330033309],[120.1045164000119,30.294196599993143],[120.1046388004404,30.294220000352766],[120.1081040996246,30.294530100084103],[120.11132280020718,30.29468569988518],[120.1132282001214,30.29491540022559],[120.11424270014061,30.29504649979617],[120.11688459984452,30.295715800443872],[120.11968270009663,30.296167900428316],[120.12012900035313,30.29613079979663],[120.12091010022095,30.29620490033591],[120.12193149983887,30.29641990035816],[120.12260100013611,30.296568099638137],[120.12345929960702,30.296560700016357],[120.12410300015335,30.29655330039452],[120.1251673001309,30.296382799726473],[120.12599979985089,30.296138200317728],[120.1264718998583,30.295871500069723],[120.12716710008169,30.2953527000671],[120.12774220034237,30.29501919997614],[120.12811990031321,30.294893199561557],[120.12848039985067,30.294833900064475],[120.1288323000706,30.294819099921597],[120.12988799983134,30.294819099921597],[120.13037720044747,30.29484870020741],[120.13193930035845,30.295197100266023],[120.1327375997605,30.29541940008528],[120.13332979973052,30.295567600264576],[120.13422240024363,30.29572320006571],[120.13547560011887,30.295908499977315],[120.13612789998263,30.29609379988898],[120.13651200042852,30.296161499953314],[120.13691309985973,30.295714300374698],[120.13740800037897,30.295243800261233],[120.13798719974955,30.29480229968641],[120.1386666996085,30.294295199863654],[120.13929960019641,30.293616700050734],[120.14038340017385,30.291426599957674],[120.1407633997112,30.290514299795177],[120.14162070003533,30.288630499797762],[120.14461299989011,30.28438440021995],[120.14630830018791,30.280619499989996],[120.14920439956347,30.277719699904253],[120.14953150007875,30.277265400178123],[120.14966619963548,30.27678710024452],[120.14979530001312,30.27553610011097],[120.14982259983321,30.275143599997193],[120.14992820002647,30.27514970009861],[120.15606889956018,30.275618100295162],[120.15594139997575,30.276638999889997],[120.15648120004744,30.277062899833027],[120.15661770004692,30.27715670002175],[120.1570385998516,30.277702399646103],[120.15533770037462,30.284913299609116],[120.15507839974839,30.28519560039672],[120.15457089972733,30.285176899894054],[120.15419409997776,30.28516390019388],[120.15286199988145,30.285157300069386],[120.15112620041384,30.28518230032296],[120.15110220020642,30.28569800036246],[120.15105810015132,30.28597329992789],[120.15095629959364,30.286074800111976],[120.15091090001806,30.28611699989966],[120.15060729968718,30.286399299787888],[120.15009719972602,30.286873600436365],[120.14990050000813,30.287056500057474],[120.1498784998929,30.287077000103523],[120.14970059960308,30.287242299992215],[120.14952640002343,30.287424199567226],[120.14916429969276,30.28780250028524],[120.14881689968024,30.2881654001132],[120.14874349971285,30.28823789985927],[120.1481757001485,30.289040800192822],[120.14812170035623,30.289152999611304],[120.14799410004775,30.28960809973404],[120.14799100008463,30.290074400013623],[120.14801229962802,30.290430400242826],[120.14801770005693,30.29048280014115],[120.14805579983533,30.290849499604747],[120.14798359956353,30.291182800046215],[120.14775209967968,30.29168799960155],[120.14807920019496,30.291791800251417],[120.14848520003204,30.291928599725168],[120.14867230038647,30.291998299881698],[120.15470360009112,30.29402989986005],[120.15479359974495,30.293909200049598],[120.15498480010854,30.293871700118927],[120.15690090015653,30.29443419997841],[120.15773310040231,30.294654700254284],[120.15947469959781,30.295277100357964],[120.15988790030644,30.29544190022358],[120.16092440044076,30.295767700319175],[120.16142499996386,30.296046699695466],[120.16149379989906,30.296236700363465],[120.16155089965434,30.296516199762834],[120.1615687997604,30.297135099705145],[120.16131870009804,30.298602299556535],[120.16103290004833,30.30044060015365],[120.16077639991101,30.301292300399382],[120.1602827998114,30.30214930034998],[120.159653000086,30.303049699783855],[120.15817879991175,30.3048334996663],[120.15722079980014,30.305850800174312],[120.15701659973638,30.30608930038096],[120.15603110015525,30.306945900133258],[120.15596009957903,30.3070084003175],[120.15445360025353,30.308334799611373],[120.15363150029361,30.309197700013897],[120.15282609984467,30.31010409972447],[120.15254429997947,30.310411200216777],[120.15233790017396,30.310761800017133],[120.15227349972224,30.31139669979791],[120.15233599990654,30.31162630031355],[120.15275009993718,30.312292500098863],[120.15321929963102,30.312888600428607],[120.15413030027321,30.314046699695496],[120.15536040016241,30.315469500017457],[120.15587739972227,30.31600899971562],[120.15623409962404,30.316595200308313],[120.15628570002514,30.316667899703873],[120.15694319976888,30.317592800267562],[120.15832099981435,30.31928520025184],[120.15852900041307,30.319515200066462],[120.1591501999219,30.32040280034903],[120.16125390034733,30.32324940013973],[120.16275579964054,30.324967599874867],[120.16411030005042,30.326292199625357],[120.16448509970769,30.326900599982764],[120.16486019973854,30.32776370003478],[120.16800839976793,30.331677599941315],[120.17837569977883,30.34518959982023],[120.1808192998709,30.34796140029846],[120.18160770043505,30.349282700436333],[120.18296079970116,30.350275399989755],[120.18422350001458,30.350534199693584],[120.18614079975816,30.35065910023735],[120.18765750009356,30.35068260042175],[120.18890059968294,30.35073460012177],[120.19071580029402,30.351274800391764],[120.19140000001005,30.35139590040052],[120.19408780021183,30.353038399702427],[120.19512890037856,30.35326829969233],[120.19702000017298,30.3537792000501],[120.19886880035494,30.354509599738265],[120.19953019955915,30.354932999658274],[120.20645569967087,30.360039799896924],[120.20868300022039,30.361217300238252],[120.20907739970232,30.361595500232227],[120.20958739983871,30.362232400105256],[120.20981490043732,30.36288369992286],[120.21073939990345,30.363849900052912],[120.21028879998823,30.36449790025796],[120.21064280012524,30.365867899583975],[120.21058919963195,30.366469599992115],[120.20938750033292,30.36783040015291],[120.2091193000158,30.368793100121536],[120.20726320003666,30.369478100234176],[120.20665169971619,30.371107199637606],[120.20549299970219,30.372116200302457],[120.20703790007906,30.37343059994231],[120.20675899962816,30.37487459998283],[120.20632979998038,30.376429599746302],[120.20482779996303,30.378836100106014],[120.20465609959933,30.38142769982852],[120.2071573003692,30.38268649978221],[120.20841520010151,30.383003199637983],[120.20881049980483,30.383418000240567],[120.20963600010134,30.384242700140533],[120.2099721001324,30.38482190041043],[120.21063179961789,30.385798899599592],[120.21157939996942,30.386911199991914],[120.21224049969942,30.387778800251454],[120.21300780036972,30.38836080011089],[120.21312609988968,30.389136399725146],[120.21301269987623,30.38982359957953],[120.21345850010971,30.391068299962114],[120.21372980039007,30.39166429956782],[120.21378590009931,30.39217219978724],[120.21215410003174,30.392113400313235],[120.20956250030918,30.391348699582863],[120.2075635996805,30.391504800306336],[120.20635709980036,30.391754999793477],[120.2049161997229,30.391647699881503],[120.20427350012199,30.391618700342804],[120.20243299978313,30.3915125003017],[120.20170880002115,30.39141750041739],[120.20100429990862,30.39161510035666],[120.20014279975044,30.392370299749587],[120.19775490006862,30.394595799856347],[120.19744659988078,30.39498050015004],[120.19705680043103,30.395676599695378],[120.19479430041667,30.397230799961505],[120.19434700011402,30.398643800371133],[120.19406549972314,30.39897369957663],[120.19322289971706,30.399786100348308],[120.19399030021225,30.40044250022123],[120.1935977002737,30.400375400004748],[120.19302109994385,30.400276800134293],[120.19289689997197,30.40031229997271],[120.19287499968152,30.40042479976472],[120.1924711995863,30.4024998999505],[120.18759940029213,30.4013406000887],[120.18744939967007,30.40183909969477],[120.1872268003766,30.40180529957496],[120.18685929961703,30.402591799871743],[120.1856745003779,30.402444400089053],[120.18628890011269,30.400952100159373],[120.18477140027994,30.40070449971296],[120.18535540023163,30.399332100096387],[120.18636680028771,30.396772900249175],[120.1872085000723,30.395046200122067],[120.1870453999253,30.39488390037178],[120.18600829994318,30.39385210009442],[120.18580509992546,30.39352949978661],[120.18562780038269,30.393294800114973],[120.18551900040165,30.393211799884682],[120.18536189963197,30.39309200029561],[120.18510230043091,30.392893900333263],[120.18407169984914,30.391774599618145],[120.18346939959315,30.391036800308143],[120.18339100029448,30.39094069965364],[120.18327849960315,30.39080020036903],[120.18241879988773,30.389727300174798],[120.18171579984437,30.38906990025572],[120.18033870037084,30.386763300186203],[120.18007159992442,30.386223000091434],[120.1803752002553,30.38566029968314],[120.17993869991119,30.384697400065022],[120.17900319993782,30.383979800427483],[120.17818019975653,30.38355519991262],[120.17769610009498,30.383213599627993],[120.17627689975916,30.382074199964393],[120.17615729981958,30.3819782998587],[120.17593740029088,30.381807300066896],[120.1747158997191,30.38077060028303],[120.17286449959704,30.378829199607935],[120.17197340005248,30.377554499640496],[120.17099709963645,30.376372699640456],[120.17062859973021,30.37579050013153],[120.17019530007315,30.37510569966838],[120.16945029989154,30.373893800258713],[120.16928070034407,30.373883600148076],[120.16903869997611,30.37480060016759],[120.16891159969066,30.375866500039024],[120.1688214003874,30.37724780024581],[120.1677071997276,30.37778489965342],[120.16737640030067,30.378152799711984],[120.16622149992236,30.378913799732118],[120.16575569966585,30.377462700443346],[120.16527000011047,30.376206700079194],[120.16592139975285,30.376129799950377],[120.16629089970536,30.375855600255818],[120.16619680004237,30.37431639978206],[120.16540650010995,30.374459800279624],[120.16532290003192,30.374230699787006],[120.16332479979974,30.374401599754094],[120.16329449984141,30.373404599642583],[120.1624631998169,30.373709700042696],[120.16076769986955,30.374002600239862],[120.15934069971354,30.37414339989806],[120.1577526004022,30.37424599995296],[120.15682690034123,30.374399800210654],[120.15435419998641,30.374806100421267],[120.15460240028062,30.375870400398696],[120.15498940014072,30.37650559965374],[120.15486730008593,30.376552099999458],[120.15501379964724,30.377094199637668],[120.15433539965898,30.377219600204455],[120.15450629962606,30.377788399814847],[120.15342509958873,30.377950900114],[120.15345479969926,30.37825339967469],[120.1517412998212,30.37836099996025],[120.15162229972941,30.378140300034886],[120.14835640002786,30.37820859994696],[120.14836240030456,30.378736099991045],[120.14857309976878,30.381057699853045],[120.14854880008716,30.382235600392676],[120.1482645999314,30.38285400031191],[120.14820559990858,30.383058599674712],[120.14788339979907,30.3829788999563],[120.14688379974757,30.382714199800546],[120.14647529979527,30.382661999551715],[120.14519659964344,30.382729199592916],[120.14464949977469,30.382643700146673],[120.14459440011149,30.382602000382064],[120.14360879980632,30.381760799721178],[120.1430019004174,30.38073539991882],[120.14265350035885,30.38042029995694],[120.14206350013046,30.38032499969904],[120.14170330006732,30.380193400105384],[120.1408731997384,30.380224000437295],[120.13764179982923,30.38026150036802],[120.13700220019143,30.379944299589795],[120.13453249997497,30.379911100217157],[120.13443139998913,30.3826812000774],[120.13361630035206,30.382743200238565],[120.1315140999958,30.382739200054118],[120.13087300028883,30.382801899887795],[120.1307351998696,30.382736799763563],[120.12957029992947,30.38274520033076],[120.12958410002625,30.3830846997991],[120.12909839957149,30.383131999642103],[120.12909459993591,30.38336529996866],[120.12884109993684,30.383366700213116],[120.12881409959107,30.383776600409817],[120.12808159998588,30.383772700050145],[120.12800529970491,30.38409829959693],[120.12677259987561,30.38410930010417],[120.12679500018919,30.384742500166283],[120.1245191002763,30.384848300009082],[120.12451920010108,30.383951899860335],[120.12403480006606,30.380019099801643],[120.12390650008501,30.378696500143406],[120.12407630018117,30.377212300407393],[120.12538700001005,30.366952900156264],[120.12596720032604,30.361463299891454],[120.1295223004139,30.356606200016188],[120.13248149982144,30.34270089962689],[120.13177660040981,30.3425134997982],[120.12938080018387,30.342409200024633],[120.12805880037342,30.342606100291334],[120.12750179986824,30.342716199792847],[120.12662260015293,30.343214200275156],[120.12638779975725,30.343301099965856],[120.12501199980397,30.343301099965856],[120.12471670021557,30.34437259991563],[120.12478180033986,30.344780800393664],[120.12461300028974,30.344905000365543],[120.12433540025859,30.34481380011681],[120.123245799654,30.344568500136234],[120.12323360035043,30.34411230014257],[120.12305410016666,30.343848500208196],[120.12279219960044,30.34347740036179],[120.12157429991407,30.342667200231176],[120.12025120023281,30.34179790025297],[120.12006569977234,30.34151039958533],[120.11976570032687,30.34078290021074],[120.1193978002683,30.340114599609137],[120.11692500008871,30.339955499646635],[120.11666509961469,30.33991739986817],[120.11619899988398,30.34091499982742],[120.11580170008847,30.340892999712196],[120.11201000006156,30.340842400256633],[120.11179149987788,30.34078059974496],[120.11123899958022,30.34061160004535],[120.11034549974511,30.340205700033096],[120.11018789985178,30.341122100204814],[120.11005320029506,30.34137290043907],[120.1098108995534,30.34144049977931],[120.10749809955769,30.341317799876606],[120.10744659988075,30.342061399813815],[120.10362469972017,30.341960600201617],[120.10352049977132,30.343221800445804],[120.10368950037025,30.343520299822046],[120.10361530000614,30.344032100401137],[120.1034976003341,30.344598100422047],[120.10316610033533,30.345054199691617],[120.10278769979254,30.3449611998995],[120.10216950042218,30.344807000342826],[120.10160050026298,30.34454030009482],[120.10110640014034,30.344208999745604],[120.10086909962934,30.34391720031857],[120.10045060011521,30.342441800448796],[120.10006010009363,30.34224209969318],[120.09899389984867,30.341852700441848],[120.09879949969718,30.34297830000861],[120.0986213997578,30.34367019972001],[120.0977100996414,30.343440299730105],[120.09751790013104,30.34388850025414],[120.09736850025615,30.34385510033269],[120.09489999973528,30.343380799684212],[120.0927060001818,30.342760600221595],[120.09291649999659,30.342415099577238],[120.09377149985494,30.341011399956187],[120.0935579999018,30.34041469977865],[120.09153259984964,30.339087199714527],[120.09135290001643,30.33753410021859],[120.08654639959673,30.335501099995838],[120.08529989967064,30.336730600037185],[120.082435399774,30.33557209967273],[120.08120000017993,30.33439179974181],[120.08146570038184,30.33411230034244],[120.08053219960141,30.333689899569265]]]}}]}
